line_id;node_a;node_b
AL00-GR00;AL00;GR00
AL00-GR00 Exp;AL00;GR00
AL00-GR00 Expanded;AL00;GR00
AL00-ME00;AL00;ME00
AL00-ME00 Exp;AL00;ME00
AL00-ME00 Expanded;AL00;ME00
AL00-MK00;AL00;MK00
AL00-MK00 Exp;AL00;MK00
AL00-MK00 Expanded;AL00;MK00
AL00-RS00;AL00;RS00
AL00-RS00 Exp;AL00;RS00
AL00-RS00 Expanded;AL00;RS00
AT00-CH00;AT00;CH00
AT00-CH00 Exp;AT00;CH00
AT00-CH00 Expanded;AT00;CH00
AT00-CZ00;AT00;CZ00
AT00-CZ00 Exp;AT00;CZ00
AT00-CZ00 Expanded;AT00;CZ00
AT00-DE00;AT00;DE00
AT00-DE00 Exp;AT00;DE00
AT00-DE00 Expanded;AT00;DE00
AT00-HU00;AT00;HU00
AT00-HU00 Exp;AT00;HU00
AT00-HU00 Expanded;AT00;HU00
AT00-ITN1;AT00;ITN1
AT00-ITN1 Exp;AT00;ITN1
AT00-ITN1 Expanded;AT00;ITN1
AT00-SI00;AT00;SI00
AT00-SI00 Exp;AT00;SI00
AT00-SI00 Expanded;AT00;SI00
BA00-HR00;BA00;HR00
BA00-HR00 Exp;BA00;HR00
BA00-HR00 Expanded;BA00;HR00
BA00-ME00;BA00;ME00
BA00-ME00 Exp;BA00;ME00
BA00-ME00 Expanded;BA00;ME00
BA00-RS00;BA00;RS00
BA00-RS00 Exp;BA00;RS00
BA00-RS00 Expanded;BA00;RS00
BE00-DE00;BE00;DE00
BE00-DE00 Exp;BE00;DE00
BE00-DE00 Expanded;BE00;DE00
BE00-FR00;BE00;FR00
BE00-FR00 Exp;BE00;FR00
BE00-FR00 Expanded;BE00;FR00
BE00-LUB1;BE00;LUB1
BE00-LUB1 Expanded;BE00;LUB1
BE00-LUG1;BE00;LUG1
BE00-LUG1 Exp;BE00;LUG1
BE00-LUG1 Expanded;BE00;LUG1
BE00-NL00;BE00;NL00
BE00-NL00 Exp;BE00;NL00
BE00-NL00 Expanded;BE00;NL00
BE00-UK00;BE00;UK00
BE00-UK00 Exp;BE00;UK00
BE00-UK00 Expanded;BE00;UK00
BG00-GR00;BG00;GR00
BG00-GR00 Exp;BG00;GR00
BG00-GR00 Expanded;BG00;GR00
BG00-MK00;BG00;MK00
BG00-MK00 Exp;BG00;MK00
BG00-MK00 Expanded;BG00;MK00
BG00-RO00;BG00;RO00
BG00-RO00 Exp;BG00;RO00
BG00-RO00 Expanded;BG00;RO00
BG00-RS00;BG00;RS00
BG00-RS00 Exp;BG00;RS00
BG00-RS00 Expanded;BG00;RS00
BG00-TR00;BG00;TR00
BG00-TR00 Exp;BG00;TR00
BG00-TR00 Expanded;BG00;TR00
CH00-DE00;CH00;DE00
CH00-DE00 Exp;CH00;DE00
CH00-DE00 Expanded;CH00;DE00
CH00-FR00;CH00;FR00
CH00-FR00 Exp;CH00;FR00
CH00-FR00 Expanded;CH00;FR00
CH00-ITN1;CH00;ITN1
CH00-ITN1 Exp;CH00;ITN1
CH00-ITN1 Expanded;CH00;ITN1
CY00-GR00 Exp;CY00;GR00
CY00-GR00 Expanded;CY00;GR00
CZ00-DE00;CZ00;DE00
CZ00-DE00 Exp;CZ00;DE00
CZ00-DE00 Expanded;CZ00;DE00
CZ00-PLE0;CZ00;PLE0
CZ00-PLE0 Exp;CZ00;PLE0
CZ00-PLE0 Expanded;CZ00;PLE0
CZ00-PLI0;CZ00;PLI0
CZ00-PLI0 Expanded;CZ00;PLI0
CZ00-SK00;CZ00;SK00
CZ00-SK00 Exp;CZ00;SK00
CZ00-SK00 Expanded;CZ00;SK00
DE00-DEKF;DE00;DEKF
DE00-DEKF Expanded;DE00;DEKF
DE00-DKE1;DE00;DKE1
DE00-DKE1 Exp;DE00;DKE1
DE00-DKE1 Expanded;DE00;DKE1
DE00-DKW1;DE00;DKW1
DE00-DKW1 Exp;DE00;DKW1
DE00-DKW1 Expanded;DE00;DKW1
DE00-FR00;DE00;FR00
DE00-FR00 Exp;DE00;FR00
DE00-FR00 Expanded;DE00;FR00
DE00-LUG1;DE00;LUG1
DE00-LUG1 Exp;DE00;LUG1
DE00-LUG1 Expanded;DE00;LUG1
DE00-LUV1;DE00;LUV1
DE00-LUV1 Expanded;DE00;LUV1
DE00-NL00;DE00;NL00
DE00-NL00 Exp;DE00;NL00
DE00-NL00 Expanded;DE00;NL00
DE00-NOS0;DE00;NOS0
DE00-NOS0 Exp;DE00;NOS0
DE00-NOS0 Expanded;DE00;NOS0
DE00-PLE0;DE00;PLE0
DE00-PLE0 Exp;DE00;PLE0
DE00-PLE0 Expanded;DE00;PLE0
DE00-PLI0;DE00;PLI0
DE00-PLI0 Expanded;DE00;PLI0
DE00-SE04;DE00;SE04
DE00-SE04 Exp;DE00;SE04
DE00-SE04 Expanded;DE00;SE04
DE00-UK00;DE00;UK00
DE00-UK00 Exp;DE00;UK00
DE00-UK00 Expanded;DE00;UK00
DEKF-DKKF;DEKF;DKKF
DEKF-DKKF Expanded;DEKF;DKKF
DKE1-DKKF;DKE1;DKKF
DKE1-DKKF Expanded;DKE1;DKKF
DKE1-DKW1;DKE1;DKW1
DKE1-DKW1 Exp;DKE1;DKW1
DKE1-DKW1 Expanded;DKE1;DKW1
DKE1-PL00 Exp;DKE1;PL00
DKE1-PL00 Expanded;DKE1;PL00
DKE1-SE04;DKE1;SE04
DKE1-SE04 Exp;DKE1;SE04
DKE1-SE04 Expanded;DKE1;SE04
DKW1-NL00;DKW1;NL00
DKW1-NL00 Exp;DKW1;NL00
DKW1-NL00 Expanded;DKW1;NL00
DKW1-NOS0;DKW1;NOS0
DKW1-NOS0 Exp;DKW1;NOS0
DKW1-NOS0 Expanded;DKW1;NOS0
DKW1-SE03;DKW1;SE03
DKW1-SE03 Exp;DKW1;SE03
DKW1-SE03 Expanded;DKW1;SE03
DKW1-UK00;DKW1;UK00
DKW1-UK00 Exp;DKW1;UK00
DKW1-UK00 Expanded;DKW1;UK00
EE00-FI00;EE00;FI00
EE00-FI00 Exp;EE00;FI00
EE00-FI00 Expanded;EE00;FI00
EE00-LV00;EE00;LV00
EE00-LV00 Exp;EE00;LV00
EE00-LV00 Expanded;EE00;LV00
ES00-FR00;ES00;FR00
ES00-FR00 Exp;ES00;FR00
ES00-FR00 Expanded;ES00;FR00
ES00-PT00;ES00;PT00
ES00-PT00 Exp;ES00;PT00
ES00-PT00 Expanded;ES00;PT00
FI00-NON1 Exp;FI00;NON1
FI00-NON1 Expanded;FI00;NON1
FI00-SE01;FI00;SE01
FI00-SE01 Exp;FI00;SE01
FI00-SE01 Expanded;FI00;SE01
FI00-SE03;FI00;SE03
FI00-SE03 Exp;FI00;SE03
FI00-SE03 Expanded;FI00;SE03
FR00-IE00 Exp;FR00;IE00
FR00-IE00 Expanded;FR00;IE00
FR00-ITN1;FR00;ITN1
FR00-ITN1 Exp;FR00;ITN1
FR00-ITN1 Expanded;FR00;ITN1
FR00-LUF1;FR00;LUF1
FR00-LUF1 Expanded;FR00;LUF1
FR00-UK00;FR00;UK00
FR00-UK00 Exp;FR00;UK00
FR00-UK00 Expanded;FR00;UK00
FR15-ITCO;FR15;ITCO
FR15-ITCO Expanded;FR15;ITCO
GR00-GR03 Exp;GR00;GR03
GR00-GR03 Expanded;GR00;GR03
GR00-ITS1;GR00;ITS1
GR00-ITS1 Exp;GR00;ITS1
GR00-ITS1 Expanded;GR00;ITS1
GR00-MK00;GR00;MK00
GR00-MK00 Exp;GR00;MK00
GR00-MK00 Expanded;GR00;MK00
GR00-TR00;GR00;TR00
GR00-TR00 Exp;GR00;TR00
GR00-TR00 Expanded;GR00;TR00
GR03-GR00;GR03;GR00
GR03-GR00 Expanded;GR03;GR00
HR00-HU00;HR00;HU00
HR00-HU00 Exp;HR00;HU00
HR00-HU00 Expanded;HR00;HU00
HR00-RS00;HR00;RS00
HR00-RS00 Exp;HR00;RS00
HR00-RS00 Expanded;HR00;RS00
HR00-SI00;HR00;SI00
HR00-SI00 Exp;HR00;SI00
HR00-SI00 Expanded;HR00;SI00
HU00-RO00;HU00;RO00
HU00-RO00 Exp;HU00;RO00
HU00-RO00 Expanded;HU00;RO00
HU00-RS00;HU00;RS00
HU00-RS00 Exp;HU00;RS00
HU00-RS00 Expanded;HU00;RS00
HU00-SI00;HU00;SI00
HU00-SI00 Exp;HU00;SI00
HU00-SI00 Expanded;HU00;SI00
HU00-SK00;HU00;SK00
HU00-SK00 Exp;HU00;SK00
HU00-SK00 Expanded;HU00;SK00
HU00-UA01;HU00;UA01
HU00-UA01 Expanded;HU00;UA01
IE00-UK00 Exp;IE00;UK00
IE00-UK00 Expanded;IE00;UK00
IE00-UKNI;IE00;UKNI
IE00-UKNI Exp;IE00;UKNI
IE00-UKNI Expanded;IE00;UKNI
ITCN-ITCO;ITCN;ITCO
ITCN-ITCO Expanded;ITCN;ITCO
ITCN-ITCS;ITCN;ITCS
ITCN-ITCS Exp;ITCN;ITCS
ITCN-ITCS Expanded;ITCN;ITCS
ITCN-ITN1;ITCN;ITN1
ITCN-ITN1 Exp;ITCN;ITN1
ITCN-ITN1 Expanded;ITCN;ITN1
ITCN-ITSA Exp;ITCN;ITSA
ITCN-ITSA Expanded;ITCN;ITSA
ITCO-ITSA;ITCO;ITSA
ITCO-ITSA Expanded;ITCO;ITSA
ITCS-ITS1;ITCS;ITS1
ITCS-ITS1 Exp;ITCS;ITS1
ITCS-ITS1 Expanded;ITCS;ITS1
ITCS-ITSA;ITCS;ITSA
ITCS-ITSA Exp;ITCS;ITSA
ITCS-ITSA Expanded;ITCS;ITSA
ITCS-ME00;ITCS;ME00
ITCS-ME00 Exp;ITCS;ME00
ITCS-ME00 Expanded;ITCS;ME00
ITN1-SI00;ITN1;SI00
ITN1-SI00 Exp;ITN1;SI00
ITN1-SI00 Expanded;ITN1;SI00
ITSI-ITS1;ITSI;ITS1
ITSI-ITS1 Expanded;ITSI;ITS1
ITSI-MT00;ITSI;MT00
ITSI-MT00 Exp;ITSI;MT00
ITSI-MT00 Expanded;ITSI;MT00
LT00-LV00;LT00;LV00
LT00-LV00 Exp;LT00;LV00
LT00-LV00 Expanded;LT00;LV00
LT00-PL00;LT00;PL00
LT00-PL00 Exp;LT00;PL00
LT00-PL00 Expanded;LT00;PL00
LT00-SE04;LT00;SE04
LT00-SE04 Exp;LT00;SE04
LT00-SE04 Expanded;LT00;SE04
ME00-RS00;ME00;RS00
ME00-RS00 Exp;ME00;RS00
ME00-RS00 Expanded;ME00;RS00
MK00-RS00;MK00;RS00
MK00-RS00 Exp;MK00;RS00
MK00-RS00 Expanded;MK00;RS00
NL00-NOS0;NL00;NOS0
NL00-NOS0 Exp;NL00;NOS0
NL00-NOS0 Expanded;NL00;NOS0
NL00-UK00 Exp;NL00;UK00
NL00-UK00 Expanded;NL00;UK00
NOM1-NON1;NOM1;NON1
NOM1-NON1 Expanded;NOM1;NON1
NOM1-NOS0;NOM1;NOS0
NOM1-NOS0 Expanded;NOM1;NOS0
NOM1-SE02;NOM1;SE02
NOM1-SE02 Exp;NOM1;SE02
NOM1-SE02 Expanded;NOM1;SE02
NON1-SE01;NON1;SE01
NON1-SE01 Expanded;NON1;SE01
NON1-SE02;NON1;SE02
NON1-SE02 Exp;NON1;SE02
NON1-SE02 Expanded;NON1;SE02
NOS0-SE03;NOS0;SE03
NOS0-SE03 Exp;NOS0;SE03
NOS0-SE03 Expanded;NOS0;SE03
NOS0-UK00 Exp;NOS0;UK00
NOS0-UK00 Expanded;NOS0;UK00
PL00-PLIC Exp;PL00;PLIC
PL00-PLID Exp;PL00;PLID
PL00-PLIS Exp;PL00;PLIS
PL00-SE04;PL00;SE04
PL00-SE04 Exp;PL00;SE04
PL00-SE04 Expanded;PL00;SE04
PLE0-PL00;PLE0;PL00
PLE0-PL00 Expanded;PLE0;PL00
PLE0-SK00;PLE0;SK00
PLE0-SK00 Expanded;PLE0;SK00
PLEC-PL00 Exp;PLEC;PL00
PLED-PL00 Exp;PLED;PL00
PLES-PL00 Exp;PLES;PL00
PLI0-CZ00 Exp;PLI0;CZ00
PLI0-DE00 Exp;PLI0;DE00
PLI0-PL00;PLI0;PL00
PLI0-PL00 Expanded;PLI0;PL00
PLI0-SK00;PLI0;SK00
PLI0-SK00 Exp;PLI0;SK00
PLI0-SK00 Expanded;PLI0;SK00
RO00-RS00;RO00;RS00
RO00-RS00 Exp;RO00;RS00
RO00-RS00 Expanded;RO00;RS00
SE01-SE02;SE01;SE02
SE01-SE02 Exp;SE01;SE02
SE01-SE02 Expanded;SE01;SE02
SE02-SE03;SE02;SE03
SE02-SE03 Exp;SE02;SE03
SE02-SE03 Expanded;SE02;SE03
SE03-SE04;SE03;SE04
SE03-SE04 Exp;SE03;SE04
SE03-SE04 Expanded;SE03;SE04
SK00-PLE0 Exp;SK00;PLE0
SK00-PLE0 Expanded;SK00;PLE0
SK00-UA01;SK00;UA01
SK00-UA01 Expanded;SK00;UA01
UA01-RO00;UA01;RO00
UA01-RO00 Expanded;UA01;RO00
UK00-IE00;UK00;IE00
UK00-IE00 Expanded;UK00;IE00
UK00-NL00;UK00;NL00
UK00-NL00 Expanded;UK00;NL00
UK00-NOS0;UK00;NOS0
UK00-NOS0 Expanded;UK00;NOS0
UK00-UKNI;UK00;UKNI
UK00-UKNI Exp;UK00;UKNI
UK00-UKNI Expanded;UK00;UKNI
ITSI-TN00;ITSI;TN00
