node,1960,1961,1962,1963,1964,1965,1966,1967,1968,1969,1970,1971,1972,1973,1974,1975,1976,1977,1978,1979,1980,1981,1982,1983,1984,1985,1986,1987,1988,1989,1990,1991,1992,1993,1994,1995,1996,1997,1998,1999,2000,2001,2002,2003,2004,2005,2006,2007,2008,2009,2010,2011,2012,2013,2014,2015,2016,2017,2018,2019,2020,2021,2022,2023,2024,2025,2026,2027,2028,2029,2030,2031,2032,2033,2034,2035,2036,2037,2038,2039,2040,2041,2042,2043,2044,2045,2046,2047,2048,2049,2050
AT,7047539.0,7086299.0,7129864.0,7175811.0,7223801.0,7270889.0,7322066.0,7376998.0,7415403.0,7441055.0,7467086.0,7500482.0,7544201.0,7586115.0,7599038.0,7578903.0,7565525.0,7568430.0,7562305.0,7549425.0,7549433.0,7568710.0,7574140.0,7561910.0,7561434.0,7564985.0,7569794.0,7574586.0,7585317.0,7619567.0,7677850.0,7754891.0,7840709.0,7905633.0,7936118.0,7948278.0,7959017.0,7968041.0,7976789.0,7992324.0,8011566.0,8042293.0,8081957.0,8121423.0,8171966.0,8227829.0,8268641.0,8295487.0,8321496.0,8343323.0,8363404.0,8391643.0,8429991.0,8479823.0,8546356.0,8642699.0,8736668.0,8797566.0,8840521.0,8879920.0,8916864.0,8955797.0,9041851.0,9131761.0,9177982.0,9208163.0,9198531.0,9189613.0,9181869.0,9171727.0,9159618.0,9147154.0,9133482.0,9120764.0,9105148.0,9089842.0,9073946.0,9054394.0,9037702.0,9018097.0,8997672.0,8977040.0,8954458.0,8931409.0,8905538.0,8879755.0,8852241.0,8823259.0,8793028.0,8761230.0,8729967.0
BE,9153489.0,9183948.0,9220578.0,9289770.0,9378113.0,9463667.0,9527807.0,9580991.0,9618756.0,9646032.0,9655549.0,9673162.0,9711115.0,9741720.0,9772419.0,9800700.0,9818227.0,9830358.0,9839534.0,9848382.0,9859242.0,9858982.0,9856303.0,9855520.0,9855372.0,9858308.0,9861823.0,9870234.0,9901664.0,9937697.0,9967379.0,10004486.0,10045158.0,10084475.0,10115603.0,10136811.0,10156637.0,10181245.0,10203008.0,10226419.0,10251250.0,10286570.0,10332785.0,10376133.0,10421137.0,10478617.0,10547958.0,10625700.0,10709973.0,10796493.0,10895586.0,11038264.0,11106932.0,11159407.0,11209057.0,11274196.0,11331422.0,11375158.0,11427054.0,11488980.0,11538604.0,11586195.0,11680210.0,11779946.0,11858610.0,11941781.0,11955426.0,11966879.0,11976618.0,11984794.0,11990423.0,11994596.0,11998170.0,12001910.0,12004135.0,12005728.0,12007022.0,12008819.0,12009696.0,12009299.0,12008135.0,12007316.0,12005009.0,12001911.0,11998450.0,11993009.0,11986675.0,11979144.0,11970186.0,11959964.0,11948874.0
BG,7867374.0,7943118.0,8012946.0,8078145.0,8144340.0,8204168.0,8258057.0,8310226.0,8369603.0,8434172.0,8489574.0,8536395.0,8576200.0,8620967.0,8678745.0,8720742.0,8758599.0,8804183.0,8814032.0,8825940.0,8861535.0,8891117.0,8917457.0,8939738.0,8960679.0,8960547.0,8958171.0,8971359.0,8981446.0,8876972.0,8718289.0,8632367.0,8540164.0,8472313.0,8443591.0,8406067.0,8362826.0,8312068.0,8256786.0,8210624.0,8170172.0,8009142.0,7837161.0,7775327.0,7716860.0,7658972.0,7601022.0,7545338.0,7492561.0,7444443.0,7395599.0,7348328.0,7305888.0,7160005.0,7073572.0,6984225.0,6894139.0,6803468.0,6710798.0,6616726.0,6550696.0,6507301.0,6465097.0,6446596.0,6441421.0,6433302.0,6386582.0,6336871.0,6285230.0,6232015.0,6177443.0,6123095.0,6069359.0,6014976.0,5960982.0,5907376.0,5853103.0,5799167.0,5746659.0,5693766.0,5641857.0,5590724.0,5540923.0,5491746.0,5443237.0,5395419.0,5347840.0,5300067.0,5253084.0,5206204.0,5159435.0
CH,5327827.0,5434294.0,5573815.0,5694247.0,5789228.0,5856472.0,5918002.0,5991785.0,6067714.0,6136387.0,6180877.0,6213399.0,6260956.0,6307347.0,6341405.0,6338632.0,6302504.0,6281174.0,6281738.0,6294365.0,6319408.0,6354074.0,6391309.0,6418773.0,6441865.0,6470365.0,6504124.0,6545106.0,6593386.0,6646912.0,6715519.0,6799978.0,6875364.0,6938265.0,6993795.0,7040687.0,7071850.0,7088906.0,7110001.0,7143991.0,7184250.0,7229854.0,7284753.0,7339001.0,7389625.0,7437115.0,7483934.0,7551117.0,7647675.0,7743831.0,7824909.0,7912398.0,7996861.0,8089346.0,8188649.0,8282396.0,8373338.0,8451840.0,8514329.0,8575280.0,8638167.0,8704546.0,8777088.0,8888822.0,9005582.0,9092436.0,9126386.0,9156740.0,9183537.0,9206138.0,9227711.0,9248224.0,9264743.0,9280171.0,9295525.0,9307682.0,9318108.0,9327401.0,9334652.0,9341329.0,9350019.0,9353914.0,9360113.0,9363095.0,9365085.0,9365375.0,9365747.0,9367021.0,9368429.0,9366804.0,9364240.0
CZ,9602006.0,9586651.0,9624660.0,9670685.0,9727804.0,9779358.0,9821040.0,9852899.0,9876346.0,9896580.0,9858071.0,9826815.0,9867632.0,9922266.0,9988459.0,10058620.0,10125939.0,10186755.0,10242098.0,10292341.0,10304193.0,10300591.0,10314826.0,10323856.0,10330213.0,10337118.0,10342227.0,10347318.0,10355276.0,10361068.0,10333355.0,10308578.0,10319123.0,10329855.0,10333587.0,10327253.0,10315241.0,10304131.0,10294373.0,10283860.0,10255063.0,10216605.0,10196916.0,10193998.0,10197101.0,10211216.0,10238905.0,10298828.0,10384603.0,10443936.0,10474410.0,10496088.0,10510785.0,10514272.0,10525347.0,10546059.0,10566332.0,10594438.0,10629928.0,10671870.0,10697858.0,10505772.0,10672118.0,10864042.0,10905028.0,10886878.0,10863035.0,10836626.0,10806678.0,10774552.0,10741003.0,10706152.0,10670441.0,10634485.0,10598758.0,10563573.0,10529746.0,10496451.0,10465179.0,10434927.0,10406461.0,10378547.0,10351712.0,10325412.0,10299380.0,10273080.0,10246119.0,10219104.0,10191418.0,10163097.0,10132580.0
DE,72814900.0,73377632.0,74025784.0,74714353.0,75318337.0,75963695.0,76600311.0,76951336.0,77294314.0,77909682.0,78169289.0,78312842.0,78688452.0,78936666.0,78967433.0,78673554.0,78336950.0,78159814.0,78091820.0,78126350.0,78288576.0,78407907.0,78333366.0,78128282.0,77858685.0,77684873.0,77720436.0,77839920.0,78144619.0,78751283.0,79433029.0,80013896.0,80624598.0,81156363.0,81438348.0,81678051.0,81914831.0,82034771.0,82047195.0,82100243.0,82211508.0,82349925.0,82488495.0,82534176.0,82516260.0,82469422.0,82376451.0,82266372.0,82110097.0,81902307.0,81776930.0,80274983.0,80425823.0,80645605.0,80982500.0,81686611.0,82348669.0,82657002.0,82905782.0,83092962.0,83160871.0,83196078.0,83177813.0,83287273.0,83516593.0,83491249.0,83283528.0,83073672.0,82865232.0,82652864.0,82453744.0,82236872.0,82033200.0,81816104.0,81612136.0,81387224.0,81138896.0,80898664.0,80644560.0,80391688.0,80140112.0,79903832.0,79664200.0,79400648.0,79125552.0,78849800.0,78577840.0,78302968.0,78014800.0,77739392.0,77477288.0
DK,4579603.0,4611687.0,4647727.0,4684483.0,4722072.0,4759012.0,4797381.0,4835354.0,4864883.0,4891860.0,4928757.0,4963126.0,4991596.0,5021861.0,5045297.0,5059862.0,5072596.0,5088419.0,5104248.0,5116801.0,5123027.0,5121572.0,5117810.0,5114297.0,5111619.0,5113691.0,5120534.0,5127024.0,5129516.0,5132594.0,5140939.0,5154298.0,5171370.0,5188628.0,5206180.0,5233373.0,5263074.0,5284991.0,5304219.0,5321799.0,5339616.0,5358783.0,5375931.0,5390574.0,5404523.0,5419432.0,5437272.0,5461438.0,5493621.0,5523095.0,5547683.0,5570572.0,5591572.0,5614932.0,5643475.0,5683483.0,5728010.0,5764980.0,5793636.0,5814422.0,5831404.0,5856733.0,5903037.0,5946952.0,5976992.0,6009169.0,6023529.0,6035832.0,6045880.0,6054294.0,6061461.0,6068384.0,6073932.0,6079794.0,6085426.0,6090249.0,6094630.0,6098200.0,6102160.0,6104627.0,6106941.0,6108110.0,6108662.0,6108692.0,6107779.0,6106888.0,6104431.0,6101654.0,6098634.0,6094964.0,6090718.0
EE,1211537.0,1225077.0,1241623.0,1258857.0,1277086.0,1294566.0,1308597.0,1318946.0,1331214.0,1345249.0,1360076.0,1376955.0,1392518.0,1405951.0,1418169.0,1429352.0,1439576.0,1450211.0,1460188.0,1468333.0,1477219.0,1487666.0,1498414.0,1508745.0,1518617.0,1528781.0,1540190.0,1552221.0,1561900.0,1568131.0,1569174.0,1561314.0,1533091.0,1494128.0,1462514.0,1436634.0,1415594.0,1399535.0,1386156.0,1390244.0,1396985.0,1388115.0,1379350.0,1370720.0,1362550.0,1354775.0,1346810.0,1340680.0,1337090.0,1334515.0,1331475.0,1327439.0,1322696.0,1317997.0,1314545.0,1315407.0,1315790.0,1317384.0,1321977.0,1326898.0,1329522.0,1330932.0,1348840.0,1370286.0,1372341.0,1366475.0,1359533.0,1352571.0,1345592.0,1338659.0,1331610.0,1324512.0,1317382.0,1310321.0,1303232.0,1296259.0,1289332.0,1282533.0,1275899.0,1269332.0,1262870.0,1256419.0,1249996.0,1243639.0,1237247.0,1230929.0,1224617.0,1218352.0,1212162.0,1205734.0,1199193.0
EL,8331725.0,8398050.0,8448233.0,8479625.0,8510429.0,8550333.0,8613651.0,8684088.0,8740765.0,8772764.0,8792806.0,8831036.0,8888628.0,8929086.0,8962022.0,9046541.0,9188150.0,9308479.0,9429959.0,9548258.0,9642505.0,9729350.0,9789513.0,9846627.0,9895801.0,9934300.0,9967213.0,10000595.0,10036983.0,10089498.0,10196792.0,10319927.0,10399061.0,10460415.0,10512922.0,10562153.0,10608800.0,10661259.0,10720509.0,10761698.0,10805808.0,10862132.0,10902022.0,10928070.0,10955141.0,10987314.0,11020362.0,11048473.0,11077841.0,11107017.0,11121341.0,11104899.0,11045011.0,10965211.0,10892413.0,10820883.0,10775971.0,10754679.0,10732882.0,10721582.0,10698599.0,10570130.0,10437805.0,10407351.0,10405134.0,10413962.0,10368215.0,10321767.0,10274348.0,10226504.0,10178421.0,10129858.0,10079286.0,10029943.0,9980715.0,9930708.0,9881383.0,9831631.0,9781821.0,9732642.0,9683274.0,9634328.0,9586479.0,9537654.0,9487708.0,9437687.0,9386833.0,9332084.0,9276653.0,9218188.0,9159581.0
ES,30455000.0,30739250.0,31023366.0,31296651.0,31609195.0,31954292.0,32283194.0,32682947.0,33113134.0,33441054.0,33814531.0,34224490.0,34604469.0,34988947.0,35373335.0,35757900.0,36137812.0,36511638.0,36864898.0,37191330.0,37491165.0,37758631.0,37986012.0,38171525.0,38330364.0,38469512.0,38584624.0,38684815.0,38766939.0,38827764.0,38867322.0,38966376.0,39157685.0,39361262.0,39549108.0,39724050.0,39889852.0,40057389.0,40223509.0,40386875.0,40567864.0,40850412.0,41431558.0,42187645.0,42921895.0,43653155.0,44397319.0,45226803.0,45954106.0,46362946.0,46576897.0,46742697.0,46773055.0,46604197.0,46460733.0,46422303.0,46458139.0,46571232.0,46782011.0,47118501.0,47359424.0,47443821.0,47786102.0,48352528.0,48848840.0,49355143.0,49296240.0,49232128.0,49157024.0,49071504.0,48969944.0,48860216.0,48752620.0,48643732.0,48530972.0,48409320.0,48281616.0,48150204.0,48016232.0,47872440.0,47720832.0,47563068.0,47394684.0,47225676.0,47040500.0,46841720.0,46636336.0,46421840.0,46202224.0,45962968.0,45726000.0
FI,4429634.0,4461005.0,4491443.0,4523309.0,4548543.0,4563732.0,4580869.0,4605744.0,4626469.0,4623785.0,4606307.0,4612124.0,4639657.0,4666081.0,4690574.0,4711440.0,4725664.0,4738902.0,4752528.0,4764690.0,4779535.0,4799964.0,4826933.0,4855787.0,4881803.0,4902206.0,4918154.0,4932123.0,4946481.0,4964371.0,4986431.0,5013740.0,5041992.0,5066447.0,5088333.0,5107790.0,5124573.0,5139835.0,5153498.0,5165474.0,5176209.0,5188008.0,5200598.0,5213014.0,5228172.0,5246096.0,5266268.0,5288720.0,5313399.0,5338871.0,5363352.0,5388272.0,5413971.0,5438972.0,5461512.0,5479531.0,5495303.0,5508214.0,5515525.0,5521606.0,5529543.0,5541017.0,5556106.0,5583911.0,5619911.0,5646436.0,5639529.0,5629605.0,5618354.0,5606012.0,5593141.0,5579772.0,5566393.0,5552905.0,5539382.0,5525918.0,5512678.0,5499678.0,5487184.0,5474984.0,5463394.0,5451913.0,5440658.0,5429142.0,5417782.0,5406150.0,5394538.0,5382492.0,5370137.0,5357446.0,5344446.0
FR,47412964.0,47905982.0,48389516.0,48877567.0,49401492.0,49877725.0,50311637.0,50722791.0,51112980.0,51536014.0,52007169.0,52499553.0,52962356.0,53392161.0,53746571.0,54002853.0,54232383.0,54486467.0,54734030.0,54979851.0,55274184.0,55603353.0,55806789.0,56108330.0,56383085.0,56665619.0,56956002.0,57266167.0,57598186.0,57943062.0,58261012.0,58554242.0,58846584.0,59103094.0,59324863.0,59541294.0,59754504.0,59968066.0,60190684.0,60501986.0,60918661.0,61364377.0,61812142.0,62249855.0,62707588.0,63180854.0,63622342.0,64016890.0,64375116.0,64706436.0,65026211.0,65340830.0,65657659.0,65997932.0,66312067.0,66548272.0,66724104.0,66918020.0,67158348.0,67382061.0,67601110.0,67842811.0,68184457.0,68372286.0,68551653.0,68720337.0,68802696.0,68875352.0,68935368.0,68990704.0,69037216.0,69078448.0,69118152.0,69156368.0,69198872.0,69241568.0,69284096.0,69330736.0,69372392.0,69411176.0,69452488.0,69498712.0,69545704.0,69582792.0,69616624.0,69645680.0,69665136.0,69680232.0,69687096.0,69685056.0,69678728.0
HR,4140181.0,4167292.0,4196712.0,4225675.0,4252876.0,4280923.0,4310701.0,4338683.0,4365628.0,4391490.0,4412252.0,4431275.0,4450564.0,4470161.0,4490660.0,4512082.0,4535934.0,4559571.0,4581085.0,4594778.0,4599782.0,4611509.0,4634234.0,4658254.0,4680285.0,4701417.0,4721446.0,4739745.0,4755207.0,4767260.0,4777368.0,4689022.0,4575818.0,4600463.0,4652024.0,4620030.0,4557097.0,4534920.0,4532135.0,4512597.0,4468302.0,4299642.0,4302174.0,4303399.0,4304600.0,4310145.0,4311159.0,4310217.0,4309705.0,4305181.0,4295427.0,4280622.0,4260368.0,4233922.0,4201598.0,4151725.0,4106867.0,4041407.0,3988775.0,3949390.0,3914206.0,3878981.0,3855641.0,3859686.0,3866200.0,3876200.0,3851318.0,3827029.0,3803771.0,3779722.0,3755706.0,3730602.0,3705855.0,3681385.0,3656726.0,3632854.0,3608457.0,3583000.0,3557578.0,3532276.0,3506903.0,3481187.0,3455531.0,3429907.0,3403849.0,3378193.0,3352886.0,3327174.0,3301578.0,3276047.0,3250419.0
HU,9983512.0,10027958.0,10060825.0,10087947.0,10119835.0,10147935.0,10178653.0,10216604.0,10255815.0,10298723.0,10337910.0,10367537.0,10398489.0,10432055.0,10478720.0,10540525.0,10598677.0,10648031.0,10684822.0,10704152.0,10711122.0,10711848.0,10705535.0,10689463.0,10668095.0,10648713.0,10630564.0,10612741.0,10596487.0,10481719.0,10373988.0,10373400.0,10369341.0,10357523.0,10343355.0,10328965.0,10311238.0,10290486.0,10266570.0,10237530.0,10210971.0,10187576.0,10158608.0,10129552.0,10107146.0,10087065.0,10071370.0,10055780.0,10038188.0,10022650.0,10000023.0,9971727.0,9920362.0,9872734.0,9833038.0,9797755.0,9759755.0,9726756.0,9706964.0,9694824.0,9670419.0,9630932.0,9605074.0,9592186.0,9562065.0,9514251.0,9481312.0,9448981.0,9415491.0,9380004.0,9343209.0,9305298.0,9266277.0,9226634.0,9186325.0,9145714.0,9105723.0,9065532.0,9026852.0,8988606.0,8951880.0,8916623.0,8882622.0,8850415.0,8819092.0,8788138.0,8757793.0,8727619.0,8697696.0,8667140.0,8636479.0
IE,2828600.0,2824400.0,2836050.0,2852650.0,2866550.0,2877300.0,2888800.0,2902450.0,2915550.0,2932650.0,2957250.0,2992050.0,3036850.0,3085950.0,3137500.0,3189550.0,3238050.0,3282200.0,3329100.0,3373750.0,3412800.0,3453000.0,3485800.0,3510600.0,3532423.0,3538082.0,3539690.0,3540057.0,3524949.0,3511009.0,3513974.0,3534235.0,3558430.0,3576261.0,3590386.0,3608841.0,3637510.0,3674171.0,3712696.0,3754786.0,3805174.0,3866243.0,3931947.0,3996521.0,4070262.0,4159914.0,4273591.0,4398942.0,4489544.0,4535375.0,4560155.0,4580084.0,4599533.0,4623816.0,4657740.0,4701957.0,4762722.0,4827445.0,4898022.0,4976456.0,5039747.0,5110585.0,5212836.0,5311538.0,5395790.0,5484367.0,5530612.0,5574525.0,5615831.0,5653530.0,5688012.0,5721336.0,5753362.0,5782992.0,5811018.0,5836698.0,5862339.0,5888007.0,5912745.0,5935174.0,5958206.0,5980178.0,5999012.0,6016127.0,6032619.0,6046986.0,6058468.0,6069342.0,6079721.0,6087081.0,6091619.0
IS,175574.0,179029.0,182378.0,185653.0,188983.0,192286.0,195570.0,198751.0,201488.0,203369.0,204438.0,206098.0,209137.0,212317.0,215209.0,217979.0,220154.0,221799.0,223537.0,225735.0,228138.0,230755.0,233860.0,236977.0,239511.0,241405.0,243180.0,245859.0,249740.0,252852.0,254826.0,257797.0,261057.0,263725.0,266021.0,267468.0,268916.0,271128.0,274047.0,277381.0,281205.0,284968.0,287523.0,289521.0,292074.0,296734.0,303782.0,311566.0,317414.0,318499.0,318041.0,319014.0,320716.0,323764.0,327386.0,330815.0,335439.0,343400.0,352721.0,360563.0,366463.0,372520.0,382003.0,385663.0,386506.0,392404.0,395967.0,399175.0,402085.0,404545.0,406805.0,408799.0,410539.0,412134.0,413542.0,414932.0,416187.0,417289.0,418293.0,419193.0,419958.0,420588.0,421199.0,421813.0,422225.0,422433.0,422637.0,422749.0,422849.0,422930.0,422949.0
IT,50199700.0,50536350.0,50879450.0,51252000.0,51675350.0,52112350.0,52519000.0,52900500.0,53235750.0,53537950.0,53821850.0,54073490.0,54381345.0,54751406.0,55110868.0,55441001.0,55718260.0,55955411.0,56155143.0,56317749.0,56433883.0,56501675.0,56543548.0,56564074.0,56576718.0,56593071.0,56596155.0,56601931.0,56629288.0,56671781.0,56719240.0,56758521.0,56797087.0,56831821.0,56843400.0,56844303.0,56860281.0,56890372.0,56906744.0,56916317.0,56942108.0,56976981.0,57089824.0,57399184.0,57828179.0,58166682.0,58399861.0,58756247.0,59211181.0,59555454.0,59819407.0,60026841.0,60191247.0,60311613.0,60320707.0,60229605.0,60115223.0,60002252.0,59877221.0,59729081.0,59438851.0,59133173.0,59013667.0,58984216.0,58952704.0,58915656.0,58669960.0,58409040.0,58147940.0,57883488.0,57604468.0,57321320.0,57050464.0,56777240.0,56497636.0,56215184.0,55935748.0,55648264.0,55359584.0,55058036.0,54757012.0,54454260.0,54135800.0,53796548.0,53459156.0,53106696.0,52745660.0,52366552.0,51984392.0,51588916.0,51180916.0
LT,2778550.0,2823550.0,2863350.0,2898950.0,2935200.0,2971450.0,3008050.0,3044400.0,3078850.0,3107321.0,3139689.0,3179041.0,3213622.0,3244438.0,3273894.0,3301652.0,3328664.0,3355036.0,3379514.0,3397842.0,3413202.0,3432947.0,3457179.0,3485192.0,3514205.0,3544543.0,3578914.0,3616367.0,3655049.0,3684255.0,3697838.0,3704134.0,3700114.0,3682613.0,3657144.0,3629102.0,3601613.0,3575137.0,3549331.0,3524238.0,3499536.0,3470818.0,3443067.0,3415213.0,3377075.0,3322528.0,3269909.0,3231294.0,3198231.0,3162916.0,3097282.0,3028115.0,2989139.0,2961250.0,2937253.0,2911109.0,2877325.0,2842639.0,2819200.0,2811089.0,2810369.0,2808380.0,2831639.0,2871585.0,2888278.0,2888774.0,2865616.0,2842491.0,2819593.0,2797402.0,2775433.0,2753839.0,2732255.0,2710571.0,2688311.0,2666320.0,2643710.0,2620316.0,2596822.0,2572528.0,2549018.0,2525221.0,2501150.0,2476855.0,2453488.0,2430227.0,2407088.0,2383383.0,2360328.0,2337637.0,2314272.0
LU,313970.0,316845.0,320750.0,324100.0,327750.0,331500.0,333895.0,334995.0,335850.0,337500.0,339171.0,342421.0,346600.0,350450.0,355050.0,358950.0,360731.0,361358.0,362007.0,362856.0,364150.0,365225.0,365525.0,365622.0,365998.0,366706.0,368355.0,370750.0,373450.0,377100.0,381850.0,387000.0,392175.0,397475.0,402925.0,408625.0,414225.0,419450.0,424700.0,430475.0,436300.0,441525.0,446175.0,451630.0,458095.0,465158.0,472637.0,479993.0,488650.0,497783.0,506953.0,518347.0,530946.0,543360.0,556319.0,569604.0,582014.0,596336.0,607950.0,620001.0,630419.0,640064.0,653103.0,666430.0,677012.0,686970.0,693718.0,700466.0,707111.0,713273.0,719071.0,724641.0,730195.0,735338.0,740236.0,745042.0,749521.0,753722.0,757978.0,762014.0,765587.0,769043.0,772323.0,775190.0,777921.0,780560.0,782889.0,785030.0,787151.0,788883.0,790415.0
LV,2120979.0,2152681.0,2181586.0,2210919.0,2240623.0,2265919.0,2283217.0,2301220.0,2323619.0,2343173.0,2359164.0,2376389.0,2395674.0,2415819.0,2437186.0,2456130.0,2470989.0,2485073.0,2497921.0,2505953.0,2511701.0,2519421.0,2531080.0,2546011.0,2562047.0,2578873.0,2599892.0,2626583.0,2653434.0,2666955.0,2663151.0,2650581.0,2614338.0,2563290.0,2520742.0,2485056.0,2457222.0,2432851.0,2410019.0,2390482.0,2367550.0,2337170.0,2310173.0,2287955.0,2263122.0,2238799.0,2218357.0,2200325.0,2177322.0,2141669.0,2097555.0,2059709.0,2034319.0,2012647.0,1993782.0,1977527.0,1959537.0,1942248.0,1927174.0,1913822.0,1900449.0,1884490.0,1879383.0,1883710.0,1866124.0,1847785.0,1833589.0,1819305.0,1805065.0,1790666.0,1775893.0,1761702.0,1747368.0,1733246.0,1719541.0,1706096.0,1692500.0,1679155.0,1665722.0,1652092.0,1638864.0,1625471.0,1612583.0,1599597.0,1586752.0,1573682.0,1561029.0,1548403.0,1535786.0,1523248.0,1510791.0
NL,11486631.0,11638712.0,11805689.0,11965966.0,12127120.0,12294732.0,12456251.0,12598201.0,12729721.0,12877984.0,13038526.0,13194497.0,13328593.0,13439322.0,13545056.0,13666335.0,13774037.0,13856185.0,13941700.0,14038270.0,14149800.0,14247208.0,14312690.0,14367070.0,14424211.0,14491632.0,14572278.0,14665037.0,14760094.0,14848907.0,14951510.0,15069798.0,15184166.0,15290368.0,15382838.0,15459006.0,15530498.0,15610650.0,15707209.0,15812088.0,15925513.0,16046180.0,16148929.0,16225302.0,16281779.0,16319868.0,16346101.0,16381696.0,16445593.0,16530388.0,16615394.0,16693074.0,16754962.0,16804432.0,16865008.0,16939923.0,17030314.0,17131296.0,17231624.0,17344874.0,17441500.0,17533044.0,17700982.0,17877117.0,17993485.0,18087633.0,18174068.0,18248734.0,18316050.0,18374556.0,18425076.0,18469310.0,18508166.0,18544338.0,18572998.0,18598348.0,18621670.0,18639040.0,18653440.0,18662846.0,18668656.0,18669278.0,18665972.0,18659744.0,18648818.0,18635948.0,18622892.0,18603912.0,18584254.0,18562370.0,18540404.0
NO,3581239.0,3609800.0,3638918.0,3666537.0,3694339.0,3723168.0,3753012.0,3784539.0,3816486.0,3847707.0,3875763.0,3903039.0,3933004.0,3960612.0,3985258.0,4007313.0,4026152.0,4043205.0,4058671.0,4072517.0,4085620.0,4099702.0,4114787.0,4128432.0,4140099.0,4152516.0,4167354.0,4186905.0,4209488.0,4226901.0,4241473.0,4261732.0,4286401.0,4311991.0,4336613.0,4359184.0,4381336.0,4405157.0,4431464.0,4461913.0,4490967.0,4513751.0,4538159.0,4564855.0,4591910.0,4623291.0,4660677.0,4709153.0,4768212.0,4828726.0,4889252.0,4953088.0,5018573.0,5079623.0,5137232.0,5188607.0,5234519.0,5276968.0,5311916.0,5347896.0,5379475.0,5408320.0,5457127.0,5519601.0,5572279.0,5610870.0,5628960.0,5646310.0,5662194.0,5676911.0,5690881.0,5704322.0,5716838.0,5728661.0,5739830.0,5750553.0,5761188.0,5771271.0,5781046.0,5790024.0,5797872.0,5805691.0,5812420.0,5817895.0,5822962.0,5827935.0,5831439.0,5834165.0,5836563.0,5837335.0,5836990.0
PL,29637450.0,29964000.0,30308500.0,30712000.0,31139450.0,31444950.0,31681000.0,31987155.0,32294655.0,32548300.0,32664300.0,32783500.0,33055650.0,33357200.0,33678899.0,34015199.0,34356300.0,34689050.0,34965600.0,35247217.0,35574150.0,35898587.0,36230481.0,36571808.0,36904134.0,37201885.0,37456119.0,37668045.0,37824487.0,37961529.0,38110782.0,38246193.0,38363667.0,38461408.0,38542652.0,38594998.0,38624370.0,38649660.0,38663481.0,38660271.0,38258629.0,38248076.0,38230364.0,38204570.0,38182222.0,38165445.0,38141267.0,38120560.0,38125759.0,38151603.0,38042794.0,38063255.0,38063164.0,38040196.0,38011735.0,37986412.0,37970087.0,37974826.0,37974750.0,37965475.0,37515748.0,36981559.0,36821749.0,36687353.0,36559233.0,36435861.0,36307632.0,36170744.0,36022588.0,35860872.0,35689172.0,35505696.0,35314080.0,35115648.0,34910592.0,34701044.0,34485256.0,34267532.0,34047072.0,33825336.0,33603568.0,33384006.0,33164042.0,32946160.0,32730882.0,32516410.0,32303158.0,32089986.0,31876620.0,31660548.0,31440980.0
PT,8857716.0,8929316.0,8993985.0,9030355.0,9035365.0,8998595.0,8930990.0,8874520.0,8836650.0,8757705.0,8680431.0,8643756.0,8630430.0,8633100.0,8754365.0,9093470.0,9355810.0,9455675.0,9558250.0,9661265.0,9766312.0,9851362.0,9911771.0,9957865.0,9996232.0,10023613.0,10032734.0,10030031.0,10019610.0,10005000.0,9983218.0,9960235.0,9952494.0,9964675.0,9991525.0,10026176.0,10063945.0,10108977.0,10160196.0,10217828.0,10289898.0,10362722.0,10419631.0,10458821.0,10483861.0,10503330.0,10522288.0,10542964.0,10558177.0,10568247.0,10573100.0,10557560.0,10514844.0,10457295.0,10401062.0,10358076.0,10325452.0,10300300.0,10283822.0,10286263.0,10297081.0,10361831.0,10434332.0,10578174.0,10694681.0,10804871.0,10783137.0,10759954.0,10733344.0,10707717.0,10683625.0,10658028.0,10630167.0,10602651.0,10573772.0,10545626.0,10516752.0,10488349.0,10458502.0,10427110.0,10394795.0,10364891.0,10333963.0,10300438.0,10266748.0,10232223.0,10196633.0,10160982.0,10126088.0,10087917.0,10050583.0
RO,18406905.0,18555250.0,18676550.0,18797850.0,18919126.0,19031576.0,19215450.0,19534242.0,19799831.0,20009141.0,20250398.0,20461567.0,20657957.0,20835681.0,21029429.0,21293583.0,21551634.0,21756096.0,21951464.0,22090488.0,22207282.0,22353070.0,22475741.0,22560478.0,22640547.0,22732999.0,22836841.0,22949430.0,23057662.0,23161458.0,23201835.0,23001155.0,22794284.0,22763280.0,22730211.0,22684270.0,22619004.0,22553978.0,22507344.0,22472040.0,22442971.0,22131970.0,21730496.0,21574326.0,21451748.0,21319685.0,21193760.0,20882982.0,20537875.0,20367487.0,20246871.0,20147528.0,20058035.0,19983693.0,19908979.0,19815616.0,19702267.0,19588715.0,19473970.0,19371648.0,19265250.0,19122059.0,19048502.0,19061062.0,19051804.0,19020271.0,18914836.0,18809752.0,18702698.0,18591416.0,18477848.0,18361274.0,18243184.0,18122722.0,18001900.0,17878910.0,17755560.0,17632902.0,17509884.0,17389380.0,17270432.0,17151768.0,17037440.0,16925060.0,16813552.0,16703407.0,16592455.0,16477167.0,16358653.0,16236481.0,16112463.0
SE,7484656.0,7519998.0,7561588.0,7604328.0,7661354.0,7733853.0,7807797.0,7867931.0,7912273.0,7968072.0,8042801.0,8098334.0,8122300.0,8136312.0,8159955.0,8192437.0,8222286.0,8251540.0,8275599.0,8293678.0,8310531.0,8320503.0,8325263.0,8329033.0,8336605.0,8350386.0,8369829.0,8397804.0,8436489.0,8492964.0,8558835.0,8617375.0,8668067.0,8718561.0,8780745.0,8826939.0,8840998.0,8846062.0,8850974.0,8857874.0,8872109.0,8895960.0,8924958.0,8958229.0,8993531.0,9029572.0,9080505.0,9148092.0,9219637.0,9298515.0,9378126.0,9449213.0,9519374.0,9600379.0,9696110.0,9799186.0,9923085.0,10057698.0,10175214.0,10278887.0,10353442.0,10415811.0,10486941.0,10536632.0,10569709.0,10596620.0,10631643.0,10663818.0,10692276.0,10717798.0,10741103.0,10762224.0,10784354.0,10806377.0,10827816.0,10849894.0,10872995.0,10895367.0,10918817.0,10943265.0,10968886.0,10993452.0,11019953.0,11045497.0,11070135.0,11093026.0,11114527.0,11134673.0,11153382.0,11170614.0,11187356.0
SI,1584720.0,1594131.0,1603649.0,1616971.0,1632114.0,1649160.0,1669905.0,1689528.0,1704546.0,1713874.0,1724891.0,1738335.0,1752233.0,1766697.0,1776132.0,1793581.0,1820249.0,1842377.0,1862548.0,1882599.0,1901315.0,1906531.0,1910334.0,1922321.0,1932154.0,1941641.0,1965964.0,1989776.0,1995196.0,1996351.0,1998161.0,1999429.0,1996498.0,1991746.0,1989443.0,1989872.0,1988628.0,1985956.0,1981629.0,1983045.0,1988925.0,1992060.0,1994530.0,1995733.0,1997012.0,2000474.0,2006868.0,2018122.0,2021316.0,2039669.0,2048583.0,2052843.0,2057159.0,2059953.0,2061980.0,2063531.0,2065042.0,2066388.0,2073894.0,2088385.0,2102419.0,2108079.0,2112076.0,2120461.0,2127400.0,2130986.0,2127993.0,2124625.0,2120368.0,2115753.0,2110727.0,2105227.0,2099614.0,2093703.0,2087885.0,2081638.0,2075122.0,2068327.0,2062129.0,2055799.0,2049774.0,2043391.0,2036644.0,2029871.0,2023006.0,2016157.0,2009384.0,2002505.0,1995750.0,1988560.0,1980961.0
SK,4068095.0,4191667.0,4238188.0,4282017.0,4327341.0,4370983.0,4411666.0,4449367.0,4483915.0,4518607.0,4538223.0,4557449.0,4596622.0,4641445.0,4689623.0,4739105.0,4789507.0,4840501.0,4890125.0,4938973.0,4979815.0,5016105.0,5055099.0,5091971.0,5127097.0,5161768.0,5193838.0,5222840.0,5250596.0,5275942.0,5299187.0,5303294.0,5305016.0,5325305.0,5346331.0,5361999.0,5373361.0,5383291.0,5390516.0,5396020.0,5388720.0,5378867.0,5376912.0,5373374.0,5372280.0,5372807.0,5373054.0,5374622.0,5379233.0,5386406.0,5391428.0,5398384.0,5407579.0,5413393.0,5418649.0,5423801.0,5430798.0,5439232.0,5446771.0,5454147.0,5458827.0,5447247.0,5431752.0,5426740.0,5422069.0,5413813.0,5405219.0,5394885.0,5382870.0,5368838.0,5352949.0,5335410.0,5316480.0,5296201.0,5274873.0,5252367.0,5229103.0,5205297.0,5181055.0,5156627.0,5131903.0,5107112.0,5082439.0,5057654.0,5032969.0,5008495.0,4984054.0,4959673.0,4935265.0,4910525.0,4885437.0
UK,52400000.0,52800000.0,53250000.0,53650000.0,54000000.0,54348050.0,54648500.0,54943600.0,55211700.0,55441750.0,55663250.0,55896223.0,56086065.0,56194527.0,56229974.0,56225800.0,56211968.0,56193492.0,56196504.0,56246951.0,56314216.0,56333829.0,56313641.0,56332848.0,56422072.0,56550268.0,56681396.0,56802050.0,56928327.0,57076711.0,57247586.0,57424897.0,57580402.0,57718614.0,57865745.0,58019030.0,58166950.0,58316954.0,58487141.0,58682466.0,58892514.0,59119673.0,59370479.0,59647577.0,59987905.0,60401206.0,60846820.0,61322463.0,61806995.0,62276270.0,62766365.0,63258810.0,63711000.0,64138000.0,64619000.0,65087000.0,65606000.0,65964000.0,66287000.0,66628000.0,66740000.0,66978000.0,67636000.0,68526000.0,69281000.0,69487000.0,69833560.0,70168624.0,70480128.0,70769784.0,71056904.0,71320424.0,71575088.0,71830872.0,72068768.0,72306248.0,72528672.0,72741936.0,72955800.0,73159488.0,73358856.0,73553288.0,73742016.0,73930072.0,74103072.0,74267536.0,74421040.0,74567344.0,74700368.0,74819184.0,74926000.0
World,3021512598.0,3062768116.0,3117372187.0,3184063049.0,3251249170.0,3318979339.0,3389042165.0,3458932230.0,3530576858.0,3604694154.0,3680493750.0,3758515396.0,3834345191.0,3910964219.0,3987186772.0,4061959945.0,4135644231.0,4208840894.0,4283309396.0,4359930896.0,4437473406.0,4516792587.0,4599385851.0,4682734714.0,4765813206.0,4850494238.0,4937459951.0,5026770385.0,5116898810.0,5207378374.0,5298962018.0,5388203305.0,5476822930.0,5564459142.0,5650534421.0,5736205135.0,5822327903.0,5908180322.0,5993730786.0,6078069822.0,6161528496.0,6244739668.0,6327171255.0,6409352386.0,6492354627.0,6575410029.0,6659536021.0,6744049498.0,6830080867.0,6916168196.0,7000860073.0,7086704141.0,7176482165.0,7265404737.0,7353532223.0,7441084771.0,7528221579.0,7613788655.0,7696159728.0,7777162476.0,7853863139.0,7919567995.0,7988550201.0,8062923417.0,8140897523.0,8215424893.0,8284795282.0,8352681069.0,8419640344.0,8485645068.0,8550785836.0,8614937420.0,8678182663.0,8740434357.0,8801792694.0,8862186006.0,8921697002.0,8980307417.0,9037986826.0,9094667908.0,9150387691.0,9204995271.0,9258410700.0,9310504836.0,9361265541.0,9410524489.0,9458246973.0,9504373335.0,9548856141.0,9591607761.0,9632701276.0
