country,2020,2021,2022,2023,2024,2025,2026,2027,2028,2029,2030
Austria,350,490,310,550,800,1360,1950,2530,3010,3490,4170
Belgium,250,0,510,790,1140,1430,1640,2780,3910,4440,4750
Bulgaria,0,0,0,0,0,0,2230,2250,2020,2310,2310
Croatia,0,0,0,0,0,0,270,600,810,810,800
Czechia,0,0,0,620,680,1290,2370,2190,2770,2850,3130
Denmark,0,0,0,0,0,270,0,400,400,720,930
Estonia,0,0,0,0,450,730,0,480,500,640,750
Finland,0,0,290,450,570,770,1050,1410,1410,1400,1320
France,230,330,820,910,1080,1680,2170,2470,3010,3300,3910
Germany,1690,2780,3960,8420,12350,16820,22160,27470,33620,39780,45320
Great Britain,1550,1410,2510,4230,6160,9580,13480,16870,19690,22480,25290
Greece,0,0,0,0,0,820,1640,1910,3020,4140,4720
Hungary,0,0,0,0,0,0,630,570,840,840,1130
Ireland,0,300,640,820,830,1090,1330,1640,2250,3100,3630
Italy,0,930,1210,4170,7060,7670,8230,8850,11570,15010,18960
Latvia,0,0,370,0,0,480,490,720,810,680,680
Lithuania,0,0,0,0,270,470,780,1330,1290,1380,1620
Netherlands,0,0,0,580,990,1170,2840,4240,5950,7310,8470
Norway,0,0,0,0,0,0,0,300,0,0,0
Poland,0,0,0,260,210,750,1360,2990,6670,9990,12820
Portugal,0,0,0,0,0,630,1070,1060,1030,1340,1630
Slovakia,0,0,0,0,0,0,370,420,710,700,400
Slovenia,0,0,0,0,0,0,330,550,350,360,560
Spain,0,0,980,330,480,590,2460,2780,3850,5230,6990
Sweden,0,0,0,920,990,1950,2270,2800,3030,3610,4170
Switzerland,0,0,0,0,750,940,550,870,1160,1470,1440
Romania,0,0,0,0,0,0,1220,1500,2060,2580,3440
Rest of EU,0,0,0,0,0,0,0,0,0,0,0
Total,4070,6240,11600,23050,34810,50490,72890,91980,115740,139960,163340
