index,country,project,entry_type,year_construction,co2_storage_injection_capacity_mtpa,notes
1,Bulgaria,ANRAV,base,2028,0.8,
2,Bulgaria,ANRAV - Expansion 1,expansion,2033,1.2,
3,Bulgaria,ANRAV - Expansion 2,expansion,2038,3,
4,Croatia,Sisak Biorefinery,base,2027,0.055,
5,Croatia,Sisak Biorefinery - Expansion,expansion,nan,0.245,No expansion date given in source
6,Croatia,CO2 EOR Project Croatia,base,2014,0.65,Injection started Oct 2014 (Ivanic field); status: in operation. Not eligible under NZIA
7,Croatia,Geothermal CCS Croatia,base,2029,0.63,
8,Denmark,Greensand,base,2026,0.4,
9,Denmark,Greensand - Expansion,expansion,2030,7.6,
10,Denmark,Bifrost,base,2030,3,
11,Denmark,Bifrost - Expansion,expansion,2032,13,
12,Denmark,Kalundborg CCS - Expansion,expansion,nan,12,"Single planned date only (2030), no separate expansion year"
13,Denmark,Norne,base,2027,2.3,
14,Denmark,Norne - Expansion,expansion,2035,12.7,
15,Denmark,Ruby,base,2030,1,
16,Denmark,Ruby - Expansion,expansion,nan,9,"Source gives range 5-10 MTPA after expansion; upper bound (10) used, no expansion date given"
17,Denmark,Greenstore - Expansion,expansion,nan,5,"Single planned date only (2029), no separate expansion year"
18,Greece,Prinos CO2 Storage Project,base,2027,1,
19,Greece,Prinos CO2 Storage Project - Expansion,expansion,2029,2,
20,Hungary,MOL-Hungary CCS Project,base,nan,0.7,No planned start date given in source; no expansion planned
21,Hungary,Danube Removals,base,nan,0.5,No planned start date given in source; no expansion planned
22,Iceland,Orca,base,2021,0.004,In operation since 2021 (per description)
23,Iceland,Silverstone,base,In operation,0.012,
24,Iceland,Silverstone - Expansion,expansion,In operation,0.022,No distinct expansion year given; 0.034 MTPA is the stated full capacity
25,Iceland,Coda Terminal,base,2029,0.7,
26,Iceland,Coda Terminal - Expansion,expansion,2032,2.3,
27,Iceland,Mammoth,base,2024,0.036,
28,Italy,Ravenna CCS (includes Callisto),base,In operation,0.025,Eligible under NZIA
29,Italy,Ravenna CCS (includes Callisto) - Expansion,expansion,2030,3.975,
30,Netherlands,Porthos,base,2027,2.5,
31,Netherlands,Aramis,base,2030,5,
32,Netherlands,Aramis - Expansion,expansion,2035,17,
33,Netherlands,KOMPAS,base,2030,1,
34,Norway,Sleipner,base,1996,1,In operation since 1996
35,Norway,Longship (includes Northern Lights 1),base,2024,1.5,In operation since 2024; further expansion tracked separately as 'Northern Lights 2'
36,Norway,Northern Lights 2,base,2028,3.5,FID status; expands Longship/Northern Lights network
37,Norway,Snohvit,base,2008,0.7,In operation since 2008
38,Norway,Smeaheia,base,Early 2030s,5,
39,Norway,Smeaheia - Expansion,expansion,2035,15,
40,Norway,Trudvang,base,2029,9,
41,Norway,Luna,base,2030,5,
42,Norway,Havstjerne,base,2030,3,
43,Norway,Havstjerne - Expansion,expansion,2033,4,
44,Norway,Poseidon (NO),base,2030,5,
45,Norway,Kinno - Expansion,expansion,nan,5,No expansion/planned date given in source
46,Norway,Atlas,base,2030,6,
47,Slovakia,CarbonNet Slovakia,base,2027,0.3,
48,Slovakia,CarbonNet Slovakia - Expansion,expansion,2033,0.2,
49,Spain,TarraCO2,base,2030,2,No expansion planned (N/A)
50,UK,Acorn,base,2032,5,No expansion planned (N/A)
51,UK,HyNet North West,base,2028,4.5,
52,UK,HyNet North West - Expansion,expansion,2030,5.5,
53,UK,Net Zero Teesside,base,2028,4,
54,UK,Bacton Thames Net Zero,base,2030,6,
55,UK,Bacton Thames Net Zero - Expansion,expansion,2035,4,
56,UK,Poseidon (UK),base,2029,1.5,
57,UK,Poseidon (UK) - Expansion,expansion,2034,8.5,
58,UK,Viking CCS,base,2030,4,
59,UK,Viking CCS - Expansion,expansion,2035,6,
60,UK,Orion,base,2031,1,
61,UK,Orion - Expansion,expansion,2035,5,
