node,capacity_limit
AT,0.6241935339182397
BE,0.6989516215041576
BG,0.5690322207670178
CY,0
CZ,0.5690322207670178
DE,0.7541129014305964
DK,0.6822580286119281
EE,0.5008064577755647
EL,0.5022580485467979
ES,0.7018548030466241
FI,0.5537902850955876
FR,0.5465322647898553
HR,0.2975806266733062
HU,0.5559677044772204
IE,0.5109677260733294
IT,0.6590322440243659
LT,0.46669350983027197
LU,0.8179838588835668
LV,0.5733870595302836
MT,0.4601612516853733
NL,0.7170967387180542
PL,0.5407257688057902
PT,0.24967740027738264
RO,0.3650806275039258
SE,0.6837096858327274
SI,0.5000806291651649
SK,0.5174999842182281
UK,0.7635483743427446
