Country,2006,2007,2008,2009,2010,2011,2012,2013,2014,2015,2016,2017,2018,2019,2020,2021,2022,2023,2024,2025
Austria,36,40,49,71,154,317,363,626,785,935,1103,1276,1462,1710,2051,2791,3800,6394,8904,10304
Belgium,2,20,62,386,904,1391,2581,2922,3024,3119,3291,3600,3963,4523,5453,5933,6780,8360,9642,10398
Bulgaria,,0,0,2,25,154,1013,1020,1026,1032,1030,1031,1033,1044,1100,1275,1737,2927,4560,5910
Croatia,,,,,,0,4,19,33,44,56,60,68,85,109,138,222,463,902,1319
Cyprus,1,1,2,4,7,10,17,35,64,85,84,110,118,151,229,315,424,581,751,861
Czechia,1,4,40,465,1727,1913,2022,2064,2068,2084,2055,2062,2068,2085,2124,2177,2404,3239,3984,4541
Denmark,3,3,3,5,7,17,399,571,607,790,851,906,998,1080,1304,1704,3070,3529,3945,5046
Estonia,,,,0,0,0,0,0,0,6,10,15,32,121,208,395,520,813,877,984
Finland,5,5,6,6,7,7,8,9,11,11,37,77,133,210,299,398,649,986,1219,1566
France,15,26,80,277,1044,2796,3965,4652,5654,6549,7319,7524,8727,9795,11127,14208,16801,20123,25456,31226
Germany,2899,4170,6120,10564,17552,25037,32641,36335,38234,39634,40677,42291,45156,48912,53669,60036,61188,75519,91204,106272
Greece,5,9,12,46,202,612,1536,2579,2596,2606,2604,2552,2591,2754,3174,4073,5104,6689,8827,11077
Hungary,0,0,1,1,2,4,12,35,77,96,235,344,728,1400,2131,2968,4235,5910,7166,8177
Ireland,0,0,0,1,1,1,1,1,1,1,12,30,56,102,163,247,362,919,1489,2494
Italy,45,87,432,1142,3470,12773,16420,18420,18609,18910,19111,19499,19912,20620,21354,22281,24555,29351,35437,41183
Latvia,,,,,,0,0,0,0,2,1,1,2,3,5,7,113,319,660,922
Lithuania,,,0,0,0,0,7,68,69,71,68,75,89,130,244,422,738,1330,2575,3295
Luxembourg,24,24,25,26,29,41,75,95,110,120,122,128,131,160,187,277,317,394,548,774
Malta,0,0,0,2,2,5,16,28,55,60,92,109,129,151,180,194,210,226,238,250
Netherlands,53,54,59,69,90,149,369,746,1048,1498,2135,2911,4608,7228,11110,14823,17356,21957,24772,25878
Poland,,,,,,1,1,2,27,71,176,270,526,1428,3656,7091,11063,15917,21721,25421
Portugal,3,24,59,115,134,172,238,296,415,454,533,619,717,970,1191,1817,2817,4040,5811,6949
Romania,,,0,0,0,1,41,761,1293,1301,1372,1374,1386,1398,1383,1394,1809,2988,4257,6237
Slovakia,,,,,19,496,513,533,533,533,533,528,471,590,535,537,549,594,728,1028
Slovenia,,,1,4,12,57,142,187,223,240,233,247,247,278,370,461,626,1031,1421,1568
Spain,169,739,3389,3488,3921,4352,4646,4785,4787,4832,4740,4749,4797,8842,10171,13752,23934,29616,35860,44903
Sweden,5,6,8,9,11,12,24,43,60,111,153,244,428,730,1124,1625,2407,4012,4848,5500
Norway,8,8,8,9,9,10,10,11,13,14,27,45,84,137,143,185,341,634,786,903
Switzerland,30,37,49,79,125,223,437,756,1061,1361,1617,1860,2117,2425,2875,3515,4528,6064,7764,9114
United Kingdom,14,18,23,27,96,995,1756,2851,5377,8915,11914,12751,13059,13345,13772,14251,14813,16428,19000,21662
