zone,type,variable,value
AL00,Run-of-River and pondage,Total turbining capacity (MW),322.87
AL00,Run-of-River and pondage,Reservoir capacity linked to Run of River and Pondage units (GWh),0.0
AT00,Run-of-River and pondage,Total turbining capacity (MW),5782.0
AT00,Run-of-River and pondage,Reservoir capacity linked to Run of River and Pondage units (GWh),16.7647549183061
BA00,Run-of-River and pondage,Total turbining capacity (MW),1009.0
BA00,Run-of-River and pondage,Reservoir capacity linked to Run of River and Pondage units (GWh),26.1
BE00,Run-of-River and pondage,Total turbining capacity (MW),113.94
BE00,Run-of-River and pondage,Reservoir capacity linked to Run of River and Pondage units (GWh),0.0
BG00,Run-of-River and pondage,Total turbining capacity (MW),462.0
BG00,Run-of-River and pondage,Reservoir capacity linked to Run of River and Pondage units (GWh),0.0
CH00,Run-of-River and pondage,Total turbining capacity (MW),4031.0
CH00,Run-of-River and pondage,Reservoir capacity linked to Run of River and Pondage units (GWh),0.0
CZ00,Run-of-River and pondage,Total turbining capacity (MW),395.0
CZ00,Run-of-River and pondage,Reservoir capacity linked to Run of River and Pondage units (GWh),0.0
DE00,Run-of-River and pondage,Total turbining capacity (MW),4036.0
DE00,Run-of-River and pondage,Reservoir capacity linked to Run of River and Pondage units (GWh),0.0
ES00,Run-of-River and pondage,Total turbining capacity (MW),3300.0
ES00,Run-of-River and pondage,Reservoir capacity linked to Run of River and Pondage units (GWh),0.0
FI00,Run-of-River and pondage,Total turbining capacity (MW),0.0
FI00,Run-of-River and pondage,Reservoir capacity linked to Run of River and Pondage units (GWh),0.0
FR00,Run-of-River and pondage,Total turbining capacity (MW),20500.0
FR00,Run-of-River and pondage,Reservoir capacity linked to Run of River and Pondage units (GWh),
GR00,Run-of-River and pondage,Total turbining capacity (MW),230.0
GR00,Run-of-River and pondage,Reservoir capacity linked to Run of River and Pondage units (GWh),0.0
HR00,Run-of-River and pondage,Total turbining capacity (MW),400.0
HR00,Run-of-River and pondage,Reservoir capacity linked to Run of River and Pondage units (GWh),4.0
HU00,Run-of-River and pondage,Total turbining capacity (MW),56.0
HU00,Run-of-River and pondage,Reservoir capacity linked to Run of River and Pondage units (GWh),0.0
IE00,Run-of-River and pondage,Total turbining capacity (MW),238.0
IE00,Run-of-River and pondage,Reservoir capacity linked to Run of River and Pondage units (GWh),0.0
ITCN,Run-of-River and pondage,Total turbining capacity (MW),372.5
ITCN,Run-of-River and pondage,Reservoir capacity linked to Run of River and Pondage units (GWh),0.0
ITCS,Run-of-River and pondage,Total turbining capacity (MW),517.6
ITCS,Run-of-River and pondage,Reservoir capacity linked to Run of River and Pondage units (GWh),0.0
ITN1,Run-of-River and pondage,Total turbining capacity (MW),4273.29
ITN1,Run-of-River and pondage,Reservoir capacity linked to Run of River and Pondage units (GWh),0.0
ITS1,Run-of-River and pondage,Total turbining capacity (MW),139.8
ITS1,Run-of-River and pondage,Reservoir capacity linked to Run of River and Pondage units (GWh),0.0
ITSA,Run-of-River and pondage,Total turbining capacity (MW),59.8
ITSA,Run-of-River and pondage,Reservoir capacity linked to Run of River and Pondage units (GWh),0.0
ITSI,Run-of-River and pondage,Total turbining capacity (MW),66.0
ITSI,Run-of-River and pondage,Reservoir capacity linked to Run of River and Pondage units (GWh),0.0
LT00,Run-of-River and pondage,Total turbining capacity (MW),128.0
LT00,Run-of-River and pondage,Reservoir capacity linked to Run of River and Pondage units (GWh),0.0
LUG1,Run-of-River and pondage,Total turbining capacity (MW),38.0
LUG1,Run-of-River and pondage,Reservoir capacity linked to Run of River and Pondage units (GWh),0.0
LUV1,Run-of-River and pondage,Total turbining capacity (MW),0.0
LUV1,Run-of-River and pondage,Reservoir capacity linked to Run of River and Pondage units (GWh),0.0
LV00,Run-of-River and pondage,Total turbining capacity (MW),1557.0
LV00,Run-of-River and pondage,Reservoir capacity linked to Run of River and Pondage units (GWh),16.0
ME00,Run-of-River and pondage,Total turbining capacity (MW),91.0
ME00,Run-of-River and pondage,Reservoir capacity linked to Run of River and Pondage units (GWh),0.31
MK00,Run-of-River and pondage,Total turbining capacity (MW),77.5
MK00,Run-of-River and pondage,Reservoir capacity linked to Run of River and Pondage units (GWh),0.14
NL00,Run-of-River and pondage,Total turbining capacity (MW),38.0
NL00,Run-of-River and pondage,Reservoir capacity linked to Run of River and Pondage units (GWh),0.0
NOM1,Run-of-River and pondage,Total turbining capacity (MW),0.0
NOM1,Run-of-River and pondage,Reservoir capacity linked to Run of River and Pondage units (GWh),0.0
NON1,Run-of-River and pondage,Total turbining capacity (MW),0.0
NON1,Run-of-River and pondage,Reservoir capacity linked to Run of River and Pondage units (GWh),0.0
NOS0,Run-of-River and pondage,Total turbining capacity (MW),0.0
NOS0,Run-of-River and pondage,Reservoir capacity linked to Run of River and Pondage units (GWh),0.0
PL00,Run-of-River and pondage,Total turbining capacity (MW),506.5
PL00,Run-of-River and pondage,Reservoir capacity linked to Run of River and Pondage units (GWh),0.0
PT00,Run-of-River and pondage,Total turbining capacity (MW),771.5
PT00,Run-of-River and pondage,Reservoir capacity linked to Run of River and Pondage units (GWh),6.4
RO00,Run-of-River and pondage,Total turbining capacity (MW),3239.0
RO00,Run-of-River and pondage,Reservoir capacity linked to Run of River and Pondage units (GWh),0.0
RS00,Run-of-River and pondage,Total turbining capacity (MW),1969.3
RS00,Run-of-River and pondage,Reservoir capacity linked to Run of River and Pondage units (GWh),0.0
SE01,Run-of-River and pondage,Total turbining capacity (MW),0.0
SE01,Run-of-River and pondage,Reservoir capacity linked to Run of River and Pondage units (GWh),0.0
SE02,Run-of-River and pondage,Total turbining capacity (MW),0.0
SE02,Run-of-River and pondage,Reservoir capacity linked to Run of River and Pondage units (GWh),0.0
SE03,Run-of-River and pondage,Total turbining capacity (MW),0.0
SE03,Run-of-River and pondage,Reservoir capacity linked to Run of River and Pondage units (GWh),0.0
SE04,Run-of-River and pondage,Total turbining capacity (MW),0.0
SE04,Run-of-River and pondage,Reservoir capacity linked to Run of River and Pondage units (GWh),0.0
SI00,Run-of-River and pondage,Total turbining capacity (MW),1001.0
SI00,Run-of-River and pondage,Reservoir capacity linked to Run of River and Pondage units (GWh),0.0
SK00,Run-of-River and pondage,Total turbining capacity (MW),1501.0
SK00,Run-of-River and pondage,Reservoir capacity linked to Run of River and Pondage units (GWh),29.01
TR00,Run-of-River and pondage,Total turbining capacity (MW),7862.367800000001
TR00,Run-of-River and pondage,Reservoir capacity linked to Run of River and Pondage units (GWh),0.0
UK00,Run-of-River and pondage,Total turbining capacity (MW),1826.0
UK00,Run-of-River and pondage,Reservoir capacity linked to Run of River and Pondage units (GWh),0.0
AL00,Reservoir,Total turbining capacity (MW),1652.19
AL00,Reservoir,Reservoir capacity (GWh),1450.0
AT00,Reservoir,Total turbining capacity (MW),2429.554
AT00,Reservoir,Reservoir capacity (GWh),762.3862
BA00,Reservoir,Total turbining capacity (MW),521.0
BA00,Reservoir,Reservoir capacity (GWh),1669.0
BE00,Reservoir,Total turbining capacity (MW),0.0
BE00,Reservoir,Reservoir capacity (GWh),0.0
BG00,Reservoir,Total turbining capacity (MW),1347.0
BG00,Reservoir,Reservoir capacity (GWh),843.0
CH00,Reservoir,Total turbining capacity (MW),8152.0
CH00,Reservoir,Reservoir capacity (GWh),8155.0
CZ00,Reservoir,Total turbining capacity (MW),697.7
CZ00,Reservoir,Reservoir capacity (GWh),2.5
DE00,Reservoir,Total turbining capacity (MW),1297.0
DE00,Reservoir,Reservoir capacity (GWh),258.0
ES00,Reservoir,Total turbining capacity (MW),10970.0
ES00,Reservoir,Reservoir capacity (GWh),11840.0
FI00,Reservoir,Total turbining capacity (MW),3200.0
FI00,Reservoir,Reservoir capacity (GWh),5530.0
FR00,Reservoir,Total turbining capacity (MW),8477.0
FR00,Reservoir,Reservoir capacity (GWh),10000.0
GR00,Reservoir,Total turbining capacity (MW),2471.0
GR00,Reservoir,Reservoir capacity (GWh),3500.0
HR00,Reservoir,Total turbining capacity (MW),1400.0
HR00,Reservoir,Reservoir capacity (GWh),2045.9
HU00,Reservoir,Total turbining capacity (MW),0.0
HU00,Reservoir,Reservoir capacity (GWh),0.0
IE00,Reservoir,Total turbining capacity (MW),0.0
IE00,Reservoir,Reservoir capacity (GWh),0.0
ITCN,Reservoir,Total turbining capacity (MW),889.4
ITCN,Reservoir,Reservoir capacity (GWh),461.13
ITCS,Reservoir,Total turbining capacity (MW),546.4
ITCS,Reservoir,Reservoir capacity (GWh),529.2
ITN1,Reservoir,Total turbining capacity (MW),7433.11
ITN1,Reservoir,Reservoir capacity (GWh),3707.0
ITS1,Reservoir,Total turbining capacity (MW),857.2
ITS1,Reservoir,Reservoir capacity (GWh),726.17
ITSA,Reservoir,Total turbining capacity (MW),164.2
ITSA,Reservoir,Reservoir capacity (GWh),144.35
ITSI,Reservoir,Total turbining capacity (MW),73.0
ITSI,Reservoir,Reservoir capacity (GWh),81.25
LT00,Reservoir,Total turbining capacity (MW),0.0
LT00,Reservoir,Reservoir capacity (GWh),0.0
LUG1,Reservoir,Total turbining capacity (MW),0.0
LUG1,Reservoir,Reservoir capacity (GWh),0.0
LUV1,Reservoir,Total turbining capacity (MW),0.0
LUV1,Reservoir,Reservoir capacity (GWh),0.0
LV00,Reservoir,Total turbining capacity (MW),1557.0
LV00,Reservoir,Reservoir capacity (GWh),16.0
ME00,Reservoir,Total turbining capacity (MW),729.0
ME00,Reservoir,Reservoir capacity (GWh),1778.0
MK00,Reservoir,Total turbining capacity (MW),502.0
MK00,Reservoir,Reservoir capacity (GWh),1188.0
NL00,Reservoir,Total turbining capacity (MW),0.0
NL00,Reservoir,Reservoir capacity (GWh),0.0
NOM1,Reservoir,Total turbining capacity (MW),0.0
NOM1,Reservoir,Reservoir capacity (GWh),0.0
NON1,Reservoir,Total turbining capacity (MW),0.0
NON1,Reservoir,Reservoir capacity (GWh),0.0
NOS0,Reservoir,Total turbining capacity (MW),0.0
NOS0,Reservoir,Reservoir capacity (GWh),0.0
PL00,Reservoir,Total turbining capacity (MW),183.8
PL00,Reservoir,Reservoir capacity (GWh),0.82
PT00,Reservoir,Total turbining capacity (MW),3491.5
PT00,Reservoir,Reservoir capacity (GWh),1187.0
RO00,Reservoir,Total turbining capacity (MW),2344.0
RO00,Reservoir,Reservoir capacity (GWh),2142.0
RS00,Reservoir,Total turbining capacity (MW),429.1
RS00,Reservoir,Reservoir capacity (GWh),646.0
SE01,Reservoir,Total turbining capacity (MW),5315.0
SE01,Reservoir,Reservoir capacity (GWh),14810.0
SE02,Reservoir,Total turbining capacity (MW),8055.0
SE02,Reservoir,Reservoir capacity (GWh),15730.0
SE03,Reservoir,Total turbining capacity (MW),2331.0
SE03,Reservoir,Reservoir capacity (GWh),2635.0
SE04,Reservoir,Total turbining capacity (MW),237.0
SE04,Reservoir,Reservoir capacity (GWh),71.66666666666667
SI00,Reservoir,Total turbining capacity (MW),0.0
SI00,Reservoir,Reservoir capacity (GWh),0.0
SK00,Reservoir,Total turbining capacity (MW),0.0
SK00,Reservoir,Reservoir capacity (GWh),0.0
TR00,Reservoir,Total turbining capacity (MW),20645.694
TR00,Reservoir,Reservoir capacity (GWh),81074.0
UK00,Reservoir,Total turbining capacity (MW),0.0
UK00,Reservoir,Reservoir capacity (GWh),0.0
AL00,Pump Storage - Open Loop,Total pumping capacity (MW),0.0
AL00,Pump Storage - Open Loop,Total turbining capacity (MW),0.0
AL00,Pump Storage - Open Loop,Cumulated (upper or head) reservoir capacity (GWh),0.0
AT00,Pump Storage - Open Loop,Total pumping capacity (MW),-2559.726
AT00,Pump Storage - Open Loop,Total turbining capacity (MW),3459.28
AT00,Pump Storage - Open Loop,Cumulated (upper or head) reservoir capacity (GWh),1722.178
BA00,Pump Storage - Open Loop,Total pumping capacity (MW),-440.0
BA00,Pump Storage - Open Loop,Total turbining capacity (MW),440.0
BA00,Pump Storage - Open Loop,Cumulated (upper or head) reservoir capacity (GWh),3.4
BE00,Pump Storage - Open Loop,Total pumping capacity (MW),0.0
BE00,Pump Storage - Open Loop,Total turbining capacity (MW),0.0
BE00,Pump Storage - Open Loop,Cumulated (upper or head) reservoir capacity (GWh),0.0
BG00,Pump Storage - Open Loop,Total pumping capacity (MW),-148.0
BG00,Pump Storage - Open Loop,Total turbining capacity (MW),535.0
BG00,Pump Storage - Open Loop,Cumulated (upper or head) reservoir capacity (GWh),255.3
CH00,Pump Storage - Open Loop,Total pumping capacity (MW),0.0
CH00,Pump Storage - Open Loop,Total turbining capacity (MW),0.0
CH00,Pump Storage - Open Loop,Cumulated (upper or head) reservoir capacity (GWh),0.0
CZ00,Pump Storage - Open Loop,Total pumping capacity (MW),-438.0
CZ00,Pump Storage - Open Loop,Total turbining capacity (MW),470.4
CZ00,Pump Storage - Open Loop,Cumulated (upper or head) reservoir capacity (GWh),2.3
DE00,Pump Storage - Open Loop,Total pumping capacity (MW),-1361.0
DE00,Pump Storage - Open Loop,Total turbining capacity (MW),1644.0
DE00,Pump Storage - Open Loop,Cumulated (upper or head) reservoir capacity (GWh),417.0
ES00,Pump Storage - Open Loop,Total pumping capacity (MW),-2424.0
ES00,Pump Storage - Open Loop,Total turbining capacity (MW),2683.0
ES00,Pump Storage - Open Loop,Cumulated (upper or head) reservoir capacity (GWh),6185.0
FI00,Pump Storage - Open Loop,Total pumping capacity (MW),0.0
FI00,Pump Storage - Open Loop,Total turbining capacity (MW),0.0
FI00,Pump Storage - Open Loop,Cumulated (upper or head) reservoir capacity (GWh),0.0
FR00,Pump Storage - Open Loop,Total pumping capacity (MW),-1850.0
FR00,Pump Storage - Open Loop,Total turbining capacity (MW),1850.0
FR00,Pump Storage - Open Loop,Cumulated (upper or head) reservoir capacity (GWh),90.0
GR00,Pump Storage - Open Loop,Total pumping capacity (MW),-622.0
GR00,Pump Storage - Open Loop,Total turbining capacity (MW),735.0
GR00,Pump Storage - Open Loop,Cumulated (upper or head) reservoir capacity (GWh),4.5
HR00,Pump Storage - Open Loop,Total pumping capacity (MW),-200.0
HR00,Pump Storage - Open Loop,Total turbining capacity (MW),300.0
HR00,Pump Storage - Open Loop,Cumulated (upper or head) reservoir capacity (GWh),18.3
HU00,Pump Storage - Open Loop,Total pumping capacity (MW),0.0
HU00,Pump Storage - Open Loop,Total turbining capacity (MW),0.0
HU00,Pump Storage - Open Loop,Cumulated (upper or head) reservoir capacity (GWh),0.0
IE00,Pump Storage - Open Loop,Total pumping capacity (MW),0.0
IE00,Pump Storage - Open Loop,Total turbining capacity (MW),0.0
IE00,Pump Storage - Open Loop,Cumulated (upper or head) reservoir capacity (GWh),0.0
ITCN,Pump Storage - Open Loop,Total pumping capacity (MW),0.0
ITCN,Pump Storage - Open Loop,Total turbining capacity (MW),0.0
ITCN,Pump Storage - Open Loop,Cumulated (upper or head) reservoir capacity (GWh),0.0
ITCS,Pump Storage - Open Loop,Total pumping capacity (MW),-333.0
ITCS,Pump Storage - Open Loop,Total turbining capacity (MW),742.0
ITCS,Pump Storage - Open Loop,Cumulated (upper or head) reservoir capacity (GWh),93.24
ITN1,Pump Storage - Open Loop,Total pumping capacity (MW),-1706.0
ITN1,Pump Storage - Open Loop,Total turbining capacity (MW),2512.0
ITN1,Pump Storage - Open Loop,Cumulated (upper or head) reservoir capacity (GWh),194.0
ITS1,Pump Storage - Open Loop,Total pumping capacity (MW),0.0
ITS1,Pump Storage - Open Loop,Total turbining capacity (MW),0.0
ITS1,Pump Storage - Open Loop,Cumulated (upper or head) reservoir capacity (GWh),0.0
ITSA,Pump Storage - Open Loop,Total pumping capacity (MW),-242.0
ITSA,Pump Storage - Open Loop,Total turbining capacity (MW),240.0
ITSA,Pump Storage - Open Loop,Cumulated (upper or head) reservoir capacity (GWh),74.25
ITSI,Pump Storage - Open Loop,Total pumping capacity (MW),-58.0
ITSI,Pump Storage - Open Loop,Total turbining capacity (MW),80.0
ITSI,Pump Storage - Open Loop,Cumulated (upper or head) reservoir capacity (GWh),20.39
LT00,Pump Storage - Open Loop,Total pumping capacity (MW),0.0
LT00,Pump Storage - Open Loop,Total turbining capacity (MW),0.0
LT00,Pump Storage - Open Loop,Cumulated (upper or head) reservoir capacity (GWh),0.0
LUG1,Pump Storage - Open Loop,Total pumping capacity (MW),0.0
LUG1,Pump Storage - Open Loop,Total turbining capacity (MW),0.0
LUG1,Pump Storage - Open Loop,Cumulated (upper or head) reservoir capacity (GWh),0.0
LUV1,Pump Storage - Open Loop,Total pumping capacity (MW),0.0
LUV1,Pump Storage - Open Loop,Total turbining capacity (MW),0.0
LUV1,Pump Storage - Open Loop,Cumulated (upper or head) reservoir capacity (GWh),0.0
LV00,Pump Storage - Open Loop,Total pumping capacity (MW),0.0
LV00,Pump Storage - Open Loop,Total turbining capacity (MW),0.0
LV00,Pump Storage - Open Loop,Cumulated (upper or head) reservoir capacity (GWh),0.0
ME00,Pump Storage - Open Loop,Total pumping capacity (MW),0.0
ME00,Pump Storage - Open Loop,Total turbining capacity (MW),0.0
ME00,Pump Storage - Open Loop,Cumulated (upper or head) reservoir capacity (GWh),0.0
MK00,Pump Storage - Open Loop,Total pumping capacity (MW),0.0
MK00,Pump Storage - Open Loop,Total turbining capacity (MW),0.0
MK00,Pump Storage - Open Loop,Cumulated (upper or head) reservoir capacity (GWh),0.0
NL00,Pump Storage - Open Loop,Total pumping capacity (MW),0.0
NL00,Pump Storage - Open Loop,Total turbining capacity (MW),0.0
NL00,Pump Storage - Open Loop,Cumulated (upper or head) reservoir capacity (GWh),0.0
NOM1,Pump Storage - Open Loop,Total pumping capacity (MW),-84.0
NOM1,Pump Storage - Open Loop,Total turbining capacity (MW),4631.4
NOM1,Pump Storage - Open Loop,Cumulated (upper or head) reservoir capacity (GWh),8602.0
NON1,Pump Storage - Open Loop,Total pumping capacity (MW),-1.0
NON1,Pump Storage - Open Loop,Total turbining capacity (MW),5540.4
NON1,Pump Storage - Open Loop,Cumulated (upper or head) reservoir capacity (GWh),21300.53
NOS0,Pump Storage - Open Loop,Total pumping capacity (MW),-1030.0
NOS0,Pump Storage - Open Loop,Total turbining capacity (MW),23605.1
NOS0,Pump Storage - Open Loop,Cumulated (upper or head) reservoir capacity (GWh),57070.46000000001
PL00,Pump Storage - Open Loop,Total pumping capacity (MW),-172.0
PL00,Pump Storage - Open Loop,Total turbining capacity (MW),178.8
PL00,Pump Storage - Open Loop,Cumulated (upper or head) reservoir capacity (GWh),1.5
PT00,Pump Storage - Open Loop,Total pumping capacity (MW),2698.0
PT00,Pump Storage - Open Loop,Total turbining capacity (MW),2952.0
PT00,Pump Storage - Open Loop,Cumulated (upper or head) reservoir capacity (GWh),1965.6
RO00,Pump Storage - Open Loop,Total pumping capacity (MW),-1033.0
RO00,Pump Storage - Open Loop,Total turbining capacity (MW),746.0
RO00,Pump Storage - Open Loop,Cumulated (upper or head) reservoir capacity (GWh),92.0
RS00,Pump Storage - Open Loop,Total pumping capacity (MW),-560.0
RS00,Pump Storage - Open Loop,Total turbining capacity (MW),614.0
RS00,Pump Storage - Open Loop,Cumulated (upper or head) reservoir capacity (GWh),194.0
SE01,Pump Storage - Open Loop,Total pumping capacity (MW),0.0
SE01,Pump Storage - Open Loop,Total turbining capacity (MW),0.0
SE01,Pump Storage - Open Loop,Cumulated (upper or head) reservoir capacity (GWh),0.0
SE02,Pump Storage - Open Loop,Total pumping capacity (MW),0.0
SE02,Pump Storage - Open Loop,Total turbining capacity (MW),0.0
SE02,Pump Storage - Open Loop,Cumulated (upper or head) reservoir capacity (GWh),0.0
SE03,Pump Storage - Open Loop,Total pumping capacity (MW),0.0
SE03,Pump Storage - Open Loop,Total turbining capacity (MW),0.0
SE03,Pump Storage - Open Loop,Cumulated (upper or head) reservoir capacity (GWh),0.0
SE04,Pump Storage - Open Loop,Total pumping capacity (MW),0.0
SE04,Pump Storage - Open Loop,Total turbining capacity (MW),0.0
SE04,Pump Storage - Open Loop,Cumulated (upper or head) reservoir capacity (GWh),0.0
SI00,Pump Storage - Open Loop,Total pumping capacity (MW),-180.0
SI00,Pump Storage - Open Loop,Total turbining capacity (MW),185.0
SI00,Pump Storage - Open Loop,Cumulated (upper or head) reservoir capacity (GWh),2.6
SK00,Pump Storage - Open Loop,Total pumping capacity (MW),-178.28
SK00,Pump Storage - Open Loop,Total turbining capacity (MW),276.0
SK00,Pump Storage - Open Loop,Cumulated (upper or head) reservoir capacity (GWh),45.55
TR00,Pump Storage - Open Loop,Total pumping capacity (MW),0.0
TR00,Pump Storage - Open Loop,Total turbining capacity (MW),0.0
TR00,Pump Storage - Open Loop,Cumulated (upper or head) reservoir capacity (GWh),0.0
UK00,Pump Storage - Open Loop,Total pumping capacity (MW),0.0
UK00,Pump Storage - Open Loop,Total turbining capacity (MW),0.0
UK00,Pump Storage - Open Loop,Cumulated (upper or head) reservoir capacity (GWh),0.0
AL00,Pump Storage - Closed Loop,Total pumping capacity (MW),0.0
AL00,Pump Storage - Closed Loop,Total turbining capacity (MW),0.0
AL00,Pump Storage - Closed Loop,Cumulated (upper or head) reservoir capacity (GWh),0.0
AT00,Pump Storage - Closed Loop,Total pumping capacity (MW),0.0
AT00,Pump Storage - Closed Loop,Total turbining capacity (MW),0.0
AT00,Pump Storage - Closed Loop,Cumulated (upper or head) reservoir capacity (GWh),0.0
BA00,Pump Storage - Closed Loop,Total pumping capacity (MW),0.0
BA00,Pump Storage - Closed Loop,Total turbining capacity (MW),0.0
BA00,Pump Storage - Closed Loop,Cumulated (upper or head) reservoir capacity (GWh),0.0
BE00,Pump Storage - Closed Loop,Total pumping capacity (MW),-1150.0
BE00,Pump Storage - Closed Loop,Total turbining capacity (MW),1308.0
BE00,Pump Storage - Closed Loop,Cumulated (upper or head) reservoir capacity (GWh),5.3
BG00,Pump Storage - Closed Loop,Total pumping capacity (MW),-784.0
BG00,Pump Storage - Closed Loop,Total turbining capacity (MW),864.0
BG00,Pump Storage - Closed Loop,Cumulated (upper or head) reservoir capacity (GWh),9.4
CH00,Pump Storage - Closed Loop,Total pumping capacity (MW),-3938.0
CH00,Pump Storage - Closed Loop,Total turbining capacity (MW),3989.0
CH00,Pump Storage - Closed Loop,Cumulated (upper or head) reservoir capacity (GWh),670.0
CZ00,Pump Storage - Closed Loop,Total pumping capacity (MW),-664.0
CZ00,Pump Storage - Closed Loop,Total turbining capacity (MW),688.1
CZ00,Pump Storage - Closed Loop,Cumulated (upper or head) reservoir capacity (GWh),3.7
DE00,Pump Storage - Closed Loop,Total pumping capacity (MW),-6068.0
DE00,Pump Storage - Closed Loop,Total turbining capacity (MW),6056.0
DE00,Pump Storage - Closed Loop,Cumulated (upper or head) reservoir capacity (GWh),355.0
ES00,Pump Storage - Closed Loop,Total pumping capacity (MW),-3142.0
ES00,Pump Storage - Closed Loop,Total turbining capacity (MW),3330.0
ES00,Pump Storage - Closed Loop,Cumulated (upper or head) reservoir capacity (GWh),95.4
FI00,Pump Storage - Closed Loop,Total pumping capacity (MW),0.0
FI00,Pump Storage - Closed Loop,Total turbining capacity (MW),0.0
FI00,Pump Storage - Closed Loop,Cumulated (upper or head) reservoir capacity (GWh),0.0
FR00,Pump Storage - Closed Loop,Total pumping capacity (MW),-1950.0
FR00,Pump Storage - Closed Loop,Total turbining capacity (MW),1950.0
FR00,Pump Storage - Closed Loop,Cumulated (upper or head) reservoir capacity (GWh),10.0
GR00,Pump Storage - Closed Loop,Total pumping capacity (MW),0.0
GR00,Pump Storage - Closed Loop,Total turbining capacity (MW),0.0
GR00,Pump Storage - Closed Loop,Cumulated (upper or head) reservoir capacity (GWh),0.0
HR00,Pump Storage - Closed Loop,Total pumping capacity (MW),0.0
HR00,Pump Storage - Closed Loop,Total turbining capacity (MW),0.0
HR00,Pump Storage - Closed Loop,Cumulated (upper or head) reservoir capacity (GWh),0.0
HU00,Pump Storage - Closed Loop,Total pumping capacity (MW),0.0
HU00,Pump Storage - Closed Loop,Total turbining capacity (MW),0.0
HU00,Pump Storage - Closed Loop,Cumulated (upper or head) reservoir capacity (GWh),0.0
IE00,Pump Storage - Closed Loop,Total pumping capacity (MW),-292.0
IE00,Pump Storage - Closed Loop,Total turbining capacity (MW),292.0
IE00,Pump Storage - Closed Loop,Cumulated (upper or head) reservoir capacity (GWh),1.72
ITCN,Pump Storage - Closed Loop,Total pumping capacity (MW),0.0
ITCN,Pump Storage - Closed Loop,Total turbining capacity (MW),0.0
ITCN,Pump Storage - Closed Loop,Cumulated (upper or head) reservoir capacity (GWh),0.0
ITCS,Pump Storage - Closed Loop,Total pumping capacity (MW),-985.0
ITCS,Pump Storage - Closed Loop,Total turbining capacity (MW),1005.0
ITCS,Pump Storage - Closed Loop,Cumulated (upper or head) reservoir capacity (GWh),3.38
ITN1,Pump Storage - Closed Loop,Total pumping capacity (MW),-2502.0
ITN1,Pump Storage - Closed Loop,Total turbining capacity (MW),2505.0
ITN1,Pump Storage - Closed Loop,Cumulated (upper or head) reservoir capacity (GWh),17.42
ITS1,Pump Storage - Closed Loop,Total pumping capacity (MW),0.0
ITS1,Pump Storage - Closed Loop,Total turbining capacity (MW),0.0
ITS1,Pump Storage - Closed Loop,Cumulated (upper or head) reservoir capacity (GWh),0.0
ITSA,Pump Storage - Closed Loop,Total pumping capacity (MW),0.0
ITSA,Pump Storage - Closed Loop,Total turbining capacity (MW),0.0
ITSA,Pump Storage - Closed Loop,Cumulated (upper or head) reservoir capacity (GWh),0.0
ITSI,Pump Storage - Closed Loop,Total pumping capacity (MW),-587.0
ITSI,Pump Storage - Closed Loop,Total turbining capacity (MW),500.0
ITSI,Pump Storage - Closed Loop,Cumulated (upper or head) reservoir capacity (GWh),1.6
LT00,Pump Storage - Closed Loop,Total pumping capacity (MW),-900.0
LT00,Pump Storage - Closed Loop,Total turbining capacity (MW),900.0
LT00,Pump Storage - Closed Loop,Cumulated (upper or head) reservoir capacity (GWh),10.59
LUG1,Pump Storage - Closed Loop,Total pumping capacity (MW),0.0
LUG1,Pump Storage - Closed Loop,Total turbining capacity (MW),0.0
LUG1,Pump Storage - Closed Loop,Cumulated (upper or head) reservoir capacity (GWh),0.0
LUV1,Pump Storage - Closed Loop,Total pumping capacity (MW),-1026.0
LUV1,Pump Storage - Closed Loop,Total turbining capacity (MW),1310.0
LUV1,Pump Storage - Closed Loop,Cumulated (upper or head) reservoir capacity (GWh),5.0
LV00,Pump Storage - Closed Loop,Total pumping capacity (MW),0.0
LV00,Pump Storage - Closed Loop,Total turbining capacity (MW),0.0
LV00,Pump Storage - Closed Loop,Cumulated (upper or head) reservoir capacity (GWh),0.0
ME00,Pump Storage - Closed Loop,Total pumping capacity (MW),0.0
ME00,Pump Storage - Closed Loop,Total turbining capacity (MW),0.0
ME00,Pump Storage - Closed Loop,Cumulated (upper or head) reservoir capacity (GWh),0.0
MK00,Pump Storage - Closed Loop,Total pumping capacity (MW),0.0
MK00,Pump Storage - Closed Loop,Total turbining capacity (MW),0.0
MK00,Pump Storage - Closed Loop,Cumulated (upper or head) reservoir capacity (GWh),0.0
NL00,Pump Storage - Closed Loop,Total pumping capacity (MW),0.0
NL00,Pump Storage - Closed Loop,Total turbining capacity (MW),0.0
NL00,Pump Storage - Closed Loop,Cumulated (upper or head) reservoir capacity (GWh),0.0
NOM1,Pump Storage - Closed Loop,Total pumping capacity (MW),0.0
NOM1,Pump Storage - Closed Loop,Total turbining capacity (MW),0.0
NOM1,Pump Storage - Closed Loop,Cumulated (upper or head) reservoir capacity (GWh),0.0
NON1,Pump Storage - Closed Loop,Total pumping capacity (MW),0.0
NON1,Pump Storage - Closed Loop,Total turbining capacity (MW),0.0
NON1,Pump Storage - Closed Loop,Cumulated (upper or head) reservoir capacity (GWh),0.0
NOS0,Pump Storage - Closed Loop,Total pumping capacity (MW),0.0
NOS0,Pump Storage - Closed Loop,Total turbining capacity (MW),0.0
NOS0,Pump Storage - Closed Loop,Cumulated (upper or head) reservoir capacity (GWh),0.0
PL00,Pump Storage - Closed Loop,Total pumping capacity (MW),-1486.0
PL00,Pump Storage - Closed Loop,Total turbining capacity (MW),1323.1
PL00,Pump Storage - Closed Loop,Cumulated (upper or head) reservoir capacity (GWh),6.34
PT00,Pump Storage - Closed Loop,Total pumping capacity (MW),0.0
PT00,Pump Storage - Closed Loop,Total turbining capacity (MW),0.0
PT00,Pump Storage - Closed Loop,Cumulated (upper or head) reservoir capacity (GWh),0.0
RO00,Pump Storage - Closed Loop,Total pumping capacity (MW),0.0
RO00,Pump Storage - Closed Loop,Total turbining capacity (MW),0.0
RO00,Pump Storage - Closed Loop,Cumulated (upper or head) reservoir capacity (GWh),0.0
RS00,Pump Storage - Closed Loop,Total pumping capacity (MW),
RS00,Pump Storage - Closed Loop,Total turbining capacity (MW),0.0
RS00,Pump Storage - Closed Loop,Cumulated (upper or head) reservoir capacity (GWh),
SE01,Pump Storage - Closed Loop,Total pumping capacity (MW),0.0
SE01,Pump Storage - Closed Loop,Total turbining capacity (MW),0.0
SE01,Pump Storage - Closed Loop,Cumulated (upper or head) reservoir capacity (GWh),0.0
SE02,Pump Storage - Closed Loop,Total pumping capacity (MW),0.0
SE02,Pump Storage - Closed Loop,Total turbining capacity (MW),0.0
SE02,Pump Storage - Closed Loop,Cumulated (upper or head) reservoir capacity (GWh),0.0
SE03,Pump Storage - Closed Loop,Total pumping capacity (MW),0.0
SE03,Pump Storage - Closed Loop,Total turbining capacity (MW),0.0
SE03,Pump Storage - Closed Loop,Cumulated (upper or head) reservoir capacity (GWh),0.0
SE04,Pump Storage - Closed Loop,Total pumping capacity (MW),0.0
SE04,Pump Storage - Closed Loop,Total turbining capacity (MW),0.0
SE04,Pump Storage - Closed Loop,Cumulated (upper or head) reservoir capacity (GWh),0.0
SI00,Pump Storage - Closed Loop,Total pumping capacity (MW),0.0
SI00,Pump Storage - Closed Loop,Total turbining capacity (MW),0.0
SI00,Pump Storage - Closed Loop,Cumulated (upper or head) reservoir capacity (GWh),0.0
SK00,Pump Storage - Closed Loop,Total pumping capacity (MW),-649.86
SK00,Pump Storage - Closed Loop,Total turbining capacity (MW),649.86
SK00,Pump Storage - Closed Loop,Cumulated (upper or head) reservoir capacity (GWh),4.1
TR00,Pump Storage - Closed Loop,Total pumping capacity (MW),0.0
TR00,Pump Storage - Closed Loop,Total turbining capacity (MW),0.0
TR00,Pump Storage - Closed Loop,Cumulated (upper or head) reservoir capacity (GWh),0.0
UK00,Pump Storage - Closed Loop,Total pumping capacity (MW),-2744.0
UK00,Pump Storage - Closed Loop,Total turbining capacity (MW),2744.0
UK00,Pump Storage - Closed Loop,Cumulated (upper or head) reservoir capacity (GWh),26.7
