node;year_construction;capacity_bcm_per_year;send_out_cm_per_h;storage_m3_lng
BE;1987;15.3;2450000.0;566000.0
DE;2023;7.99;1000000.0;340000.0
DE;2024;13.5;1678000.0;310000.0
EG;2015;7.8;;170000.0
EL;1999;7.0;820000.0;225000.0
EL;2024;5.5;944000.0;153500.0
ES;1968;17.1;1950000.0;760000.0
ES;1988;11.8;1350000.0;619500.0
ES;1989;11.8;1350000.0;587000.0
ES;2003;7.0;800000.0;450000.0
ES;2006;8.8;1000000.0;600000.0
ES;2007;3.6;412800.0;300000.0
ES;2023;7.0;800000.0;300000.0
FI;2023;4.5;670000.0;151000.0
FR;1972;1.5;230000.0;80000.0
FR;1980;10.0;1600000.0;360000.0
FR;2010;10.0;1410000.0;330000.0
FR;2016;13.0;2100000.0;600000.0
FR;2023;5.0;;142500.0
HR;2021;2.6;300000.0;140000.0
IL;2013;2.5;;138000.0
IT;1971;3.4;427000.0;100000.0
IT;2009;9.0;1156000.0;250000.0
IT;2013;3.55;592000.0;137500.0
IT;2023;5.0;;
LT;2014;3.75;428398.0;170000.0
MT;2017;0.7;89000.0;125000.0
NL;2011;12.0;1817000.0;540000.0
NL;2022;8.0;;180000.0
PL;2016;6.2;820000.0;320000.0
PT;2004;7.6;1350000.0;390000.0
RU;2019;3.7;;
TR;1994;12.8;;255000.0
TR;2006;13.8;;280000.0
TR;2016;7.3;;167000.0
TR;2018;9.7;;170000.0
TR;2023;7.62;;170000.0
UK;2005;19.5;2650000.0;1000000.0
UK;2009;28.6;3580000.0;1095000.0
