year,emissions
1959,17.54787885089139
1960,16.99751905787726
1961,17.0451483563784
1962,16.885640993687197
1963,17.220109238259646
1964,17.48438810486446
1965,17.69602666544526
1966,17.77976538050131
1967,18.487898256926673
1968,19.23240320813414
1969,20.70234160161815
1970,21.588808543986424
1971,21.64326205426938
1972,22.662668244834926
1973,23.331550845697887
1974,23.310910320859403
1975,23.11197338670915
1976,23.92277213853279
1977,24.978129445644196
1978,25.58863855549297
1979,25.364419701858736
1980,25.411107486064147
1981,24.716337658468916
1982,24.26129538536527
1983,24.74162923003678
1984,25.882049319757147
1985,26.93260617711066
1986,27.381361477123143
1987,27.60413548889858
1988,28.07543624447318
1989,28.181032912443747
1990,28.561213491857867
1991,28.925888822090712
1992,28.48832283966735
1993,28.48316493439349
1994,29.643505805282988
1995,29.794718690513257
1996,30.775304464022284
1997,32.39993796805572
1998,31.087950705608577
1999,31.399628269091384
2000,31.65724502066106
2001,31.153697063329673
2002,32.35902764940768
2003,34.97389986999862
2004,35.05388857715707
2005,35.53006266110009
2006,36.62789255944571
2007,37.09246144221827
2008,38.000680233791854
2009,38.04783086303336
2010,39.83550190490476
2011,40.872545860534956
2012,41.636857512407715
2013,41.595340317338795
2014,41.875605422677914
2015,41.91615316656863
2016,40.76938395944346
2017,41.28237802361225
2018,41.61602645197068
2019,41.97374423358781
2020,39.67476934855879
2021,41.52396656125116
2022,42.31316330489023
2023,42.839595903068506
2024,43.18408624597842
