tes_sector,tes_subsector,tes_category,1990,1991,1992,1993,1994,1995,1996,1997,1998,1999,2000,2001,2002,2003,2004,2005,2006,2007,2008,2009,2010,2011,2012,2013,2014,2015,2016,2017,2018,2019,2020,2021,2022,2023,2024
Electricity supply,Power stations,Power stations - coal,183.14981271290097,184.0147557225952,171.96152809664443,143.16390789440732,135.13265038031332,127.18485907472046,119.59969948158101,102.8317425395974,106.83556541088748,90.09938543296053,101.59090065658471,113.28252842198964,106.81604310030134,117.04722773333344,112.61334186666677,114.1133141332607,126.12107160058005,115.014485223979,103.86568576723894,85.21209926083044,89.86599819522594,90.6075876306831,120.80161645916596,111.97750062541861,85.79203686626252,65.40312723496685,27.175498768208733,19.587070826831006,14.671094849188691,6.472107083336389,5.21045199543816,5.749243691504923,5.045943799508849,3.223111776067629,1.4528043548817082
Electricity supply,Power stations,Power stations - petroleum,19.615755699186998,15.320370760695917,12.716530070443742,12.105774844568197,9.53107796806196,9.219519051877768,8.362976988122275,4.01513608930196,2.9709099017544087,3.206467742752689,3.162379689999842,3.6050334425132693,2.937085857784225,2.93006361307745,3.4584212986087794,2.810663245048424,2.966172178721901,2.039949953455214,3.034461259442536,2.2849713392603257,1.6671242658249634,1.1437121646373396,1.1271677879419157,0.7771833391084771,0.7290783433433338,0.7841505170658203,0.8529143213726614,0.6315859812257985,0.5921189364285946,0.48260269741905704,0.42937634440506,0.447099818542864,0.32289328271262047,0.2527130552492065,0.2212493668065746
Electricity supply,Power stations,Power stations - gas,0.015957441510563438,0.036700484651249116,2.628669791929047,14.60542363495344,20.771253546199723,25.87034991714515,33.96531933915173,42.35104572329184,44.30587812753309,52.86133511964846,52.72309112858606,51.318282240644486,54.037221019011604,52.80486236819096,56.41874408758229,54.497096685971314,50.99245845982122,58.58188954917615,63.22497568698245,60.12245194852189,63.14232112153994,50.61554961621714,33.69859649314859,32.08629358308416,34.7223313911372,34.02178164164534,49.674228497768794,47.24952204365997,45.139974916879105,44.88556794780022,37.73556511104088,41.69262828916292,42.855075949937635,33.86475031162117,28.241149918865762
Electricity supply,Power stations,Power stations - municipal solid waste,0.14361803284226096,0.14509031924191315,0.17677953127252186,0.24519357040956544,0.3953407778514786,0.40889148667773945,0.42275029410782644,0.5806899755379136,0.7136164047636526,0.7105449668483484,0.8398797155679919,0.9224224838201746,1.0029425281059139,0.9596152426304355,0.9251567299909573,0.9184262778782616,1.0295137921758268,1.0458141058862618,1.0879144860286964,1.2803282966880012,1.38745465948174,1.4565469569511316,1.8239875769786102,1.7986081638036533,2.413217626782263,3.19531719494035,3.939207425583656,4.174703140651829,4.822123557679833,5.3714090752833945,5.515360125287481,6.185881417014787,6.514656991832352,6.94684315900644,7.068341841415831
Electricity supply,Power stations,Power stations - other fuel,0.0,0.0,0.0,0.0,0.09012506918679593,0.09012506918679593,0.14019455206834922,0.2310958257525083,0.11015286233941725,0.08344913813592215,0.027187963708444476,0.0,0.0,0.0,0.0,0.2887536830388777,0.3860566864023866,0.573303607027508,0.9666916283601829,1.5849972502302574,0.6764757531300851,0.15320625932795073,0.351821328215219,0.1647507641802146,0.0,0.10839118400000008,0.0,0.0,0.0,0.0,0.0,0.0,0.0,0.0,0.0
Electricity supply total,Electricity supply total,Total,202.92514388644076,199.51691728718427,187.48350749028975,170.1202999443385,165.9204477416133,162.7737445996079,162.4909406550312,150.00971015348162,154.93612270727806,146.96118240034596,158.34343915444705,169.1282665889676,164.79329250520308,173.7417689572323,173.4156639828488,172.6282540251976,181.4952727177014,177.2554424395241,172.17972882805282,150.4848480955309,156.73937399520267,143.97660262781667,157.8031896454503,146.80433647559514,123.65666422752531,103.51276777261836,81.64184901293385,71.6428819923686,65.22531226017622,57.21168680383906,48.890753576171576,54.07485321622549,54.73857002399146,44.28741830194445,36.98354548196988
Fuel supply,Oil and gas supply,Gas platforms,1.8259166237493845,2.043063908488959,2.180499639243873,2.5247320545856953,2.200776229920341,2.3653728705749324,2.7888757212859905,3.129464668936751,3.343785614000003,3.3503180686970193,3.5158779650791643,4.310162702000803,4.378746052151917,4.173143772000005,4.332298675541375,4.080846865008577,3.8191693128349735,3.553075768780433,3.4991249243277065,3.5541353498253874,3.44677101708082,3.100291747379659,2.5937674811447393,2.834650477637474,2.7978662818458484,2.926668726278415,2.6208740113486755,2.5325636052106026,2.302329781916068,2.4352823245235844,2.4015921675437664,1.9229543065752621,2.1682579245009825,2.076806285173836,1.9184384031787765
Fuel supply,Oil and gas supply,Gas - venting,0.0007431086542730246,0.0008263417469879262,0.0008366539444081493,0.0009773171205725035,0.0010408714784723942,0.0016899977398845195,0.0010685449659560459,0.0009671600164799612,0.0007559938700000007,0.0021148862681324024,0.0015264796752920016,0.001341527020595001,0.0011412348050210013,0.0011402540000000011,0.0011997558092255011,0.0011091540827273011,0.001044184580450201,0.0013521600000000013,0.0006075900000000006,0.0011848600000000011,0.0017982300000000018,0.0017642300000000016,0.0006031990558693006,0.00040663000000000044,0.00027989000000000025,0.007944412800000007,0.006050897750000006,0.022369434092479823,0.049428300199931344,0.0036319459999999038,0.000962490000000001,1.7700000000000013e-05,0.0004589300000000005,0.0008443000000000008,0.0006314000000000005
Fuel supply,Oil and gas supply,Gas - flaring,0.21082157231787008,0.2344349852072691,0.2373605784723759,0.2772670333301863,0.2952975455346436,0.37580100372044944,0.37793130357059546,0.323957491281749,0.3188886623463458,0.25075401592826974,0.6709533431242483,0.8053464813607982,0.5061992179565314,0.39695377822615835,0.5201151800596779,0.5523051811089308,0.5063773377000005,0.5299882100000004,0.6136336247876519,0.4753885981535868,0.4947403556521758,0.4239955324365464,0.3352654975092093,0.3733657709980466,0.3661702943220645,0.39819538857391124,0.44651744067000054,0.4403517902900004,0.3863238331959947,0.6246579729015418,0.4707691178600004,0.4592305413200004,0.37318366390000035,0.35113929985000036,0.33546995510000027
Fuel supply,Oil and gas supply,Gas processing terminals,0.6712259403281837,0.717505111979397,0.64397285714041,0.6973437953129098,0.7241197428012751,0.908754841397009,0.9860257242841227,1.4162296018244682,1.5818841610000016,1.807222265597402,2.1717722345188797,2.3116676977710027,2.1444969172656396,2.079262597000002,1.9880199520429689,1.9791876249305185,1.5844178442299257,1.4821897381252607,1.622397939130317,1.4337658427441162,1.4653040775990755,1.3659095202910803,1.3692198886662528,1.4672314673313962,1.4831520314944948,1.3810171376249412,1.5006513877791539,1.425495088453505,1.429480623972471,1.4180668765279192,1.3189112101752514,1.205579105516355,1.2623355964915686,1.1627407337021076,1.1566257030322245
Fuel supply,Oil and gas supply,Gas terminals,0.00041264077329019884,0.00041264077329019884,0.2760189537050792,0.3345865843469363,0.11969689522267482,0.33755948463626834,0.4557483596725087,0.2364928033609393,0.6677013932644676,0.5116718030331795,0.9056875408504681,0.8994521359675145,1.0626117612102834,0.9933171126048826,0.8371963294665558,0.8025227784307507,0.7387320048492554,0.5681675470522456,0.40012572206470753,0.35328808156613495,0.20095358443128192,0.15562401182849236,0.14300775343589434,0.2325888140255809,0.3019696159692928,0.24438857883737827,0.21768878155487614,0.07157248691816036,0.14963137950154487,0.24339830850677713,0.24445758422319572,0.19380689154729816,0.21523331256168235,0.1507051899046856,0.1623249126587056
Fuel supply,Oil and gas supply,Gas distribution - combustion,0.6428875573837873,0.7827470559990627,0.7275825548190793,0.7400389211131193,0.7701527424751017,0.8367889584968279,1.1102288375622482,1.0302052629703815,1.2999976878481716,1.604744291336708,1.704816260002737,1.6712758415677726,1.6679310697771421,1.7764623562825685,1.4057782742056888,1.5732715393945917,1.4219771091966682,1.2112555603447144,1.3113069013262906,1.2817773197274271,1.8329648117573065,1.6142266515148969,1.1715126115735246,1.1236254814114195,1.095973529314055,1.2558635651898404,1.2641392394081377,1.2684594024799016,1.0605301664809272,1.2208077972575428,1.1967459271713308,1.121008746067291,1.4193236884446456,1.1567654475594724,0.7186855320764457
Fuel supply,Oil and gas supply,Gas distribution - leakage,0.01732423112754056,0.017108434242287484,0.016879277649465074,0.016348195604103045,0.015815728636786663,0.015286974320321436,0.014767162270340795,0.01423234463878067,0.013704504763857248,0.01317411373760408,0.012645181795945006,0.012116119121272952,0.011577458920577186,0.011050087621629349,0.011257264730702507,0.01021120404690677,0.009830287122781079,0.009918341938217619,0.008907839461848073,0.008212724904425553,0.006873749343816269,0.005749956529491222,0.007159079509512671,0.007204411924620787,0.006195126577416661,0.006129873920636024,0.006273121285659445,0.006674203486516382,0.006471965618442354,0.0056378784296249995,0.005143600638174903,0.0055689609847605495,0.005512643874453311,0.005703274998107723,0.005661442069412027
Fuel supply,Oil and gas supply,Gas - exploration drilling,0.26296440086855444,0.2501184387571596,0.22820473868478003,0.21158055242297485,0.23273860766527235,0.2651737313507189,0.2569367380325399,0.27772595618230733,0.2970199196200003,0.09273362000000009,0.03427764200000004,0.031701097680000026,0.052276325080000054,0.07726542600000008,0.07890622600000008,0.05525717400000005,0.04198083174291885,0.036986697164788335,0.03171552000000003,0.06406346000000006,0.05000787000000005,0.03382153000000003,0.10268188000000011,0.1018259000000001,0.13135583000000015,0.05301536000000006,0.13327873000000015,0.02828931000000003,0.03575515000000004,0.028974870000000028,0.0011446400000000012,0.025767228000000024,0.001116860000000001,0.0038507500000000035,0.002441200000000002
Fuel supply,Oil and gas supply,Oil platforms,9.385061351974956,9.16805747310905,10.116905899813755,10.69373210706985,11.055866891052954,10.929541282209719,10.867948758103026,11.63453924463871,12.094188359745974,12.097227136106254,11.690688165032242,11.646440899663732,11.36582108037978,11.108661943542103,10.546838786575728,10.105957433502562,9.713842302683625,9.460942780342686,9.286150774238987,9.110375826473945,8.959089960788498,7.959021827900055,7.645949273414635,7.080378137451549,7.023020651016735,7.608437862311212,7.665790698175905,7.695491632538518,7.828830801652503,8.138619236222203,7.819145525043424,6.844996767000439,6.588163726519807,6.292805973883652,5.900078783705618
Fuel supply,Oil and gas supply,Oil - venting,0.0015890290860078287,0.001531813424991822,0.001570381018713723,0.001662349896050563,0.0021077291317210555,0.002047667590115485,0.0022751772528139588,0.002103964646900043,0.0020868081400000024,0.008831115686396409,0.0018521971270544018,0.002256877283532002,0.0043788084702003046,0.002826525500000002,0.0029921893277354023,0.002138256387331902,0.0020792225000000023,0.0017050600000000017,0.0016846500000000017,0.002873140000000003,0.001892300000000002,0.0059818500000000056,0.008520211817990609,0.002525650000000003,0.002036980000000002,0.0024109900000000026,0.002494240000000002,0.0022462448544042024,0.031955609439491627,0.0025067900000000022,0.002082300000000002,0.001175410000000001,0.0011671400000000012,0.0008622900000000008,0.001027970000000001
Fuel supply,Oil and gas supply,Oil - flaring,4.169487042223871,4.014461398449797,4.111692892604773,4.347896786988014,5.517694393413642,5.715388609253743,5.760366034794084,5.261364938748821,5.328239239951912,4.7183801101073755,4.399223543922188,4.377896293995096,4.026844539120374,3.592038577176756,3.623885576139739,4.085444147307907,3.4594955873511317,3.67733488864762,3.0742130210884406,3.262302495252655,3.3577562080912147,3.2447068062546265,2.82379777309385,3.15416899967569,2.9485993890166036,3.2771857512966562,3.148464698891257,3.182246635502495,3.249364647079633,2.969233598876909,2.3258161331012226,1.8482009075660522,1.456702004863761,1.4688519591977325,1.392112131499171
Fuel supply,Oil and gas supply,Oil processing terminals,0.939444143405205,0.8764940095098221,0.8144019020309452,0.8113388905499073,1.0082711955854182,1.1575119427699814,1.0731044359395436,1.4085745186424725,1.5385855500000016,1.4762008278008758,1.4305029769300015,1.5501004533000013,1.4733436544265428,1.3776893620000015,1.2883640400200012,1.2780548215540435,1.124881230100873,1.1727117153838076,1.1699157077579754,1.222175633939856,1.0900274541289232,0.9512739755412218,0.841706452346482,0.8632271961053997,0.8104787061779123,0.8526220168855672,0.8482425766780228,0.8855879886240292,0.8216698790689316,0.7602922116244791,0.7550414011394412,0.7204157339772406,0.7027348592262966,0.6524588488009944,0.6299300427836321
Fuel supply,Oil and gas supply,Oil terminals,0.032107686218163095,0.028234526949854993,0.02937034095673774,0.033648908764375665,0.0657699969177232,0.45134550615803937,0.8283227359510228,0.03615028739396985,0.1332802500000001,0.05808400000000006,0.05343468300000003,0.04562394704325404,0.04602697312036324,0.03577990900000004,0.03764803986205654,0.02409703792191152,0.008331205000000012,0.015094050000000026,0.002869632490799998,0.00044405030000000014,0.0047949899999999756,0.00046300000000000047,0.021523469999999982,4.101000000000003e-05,0.04754443828000014,4.101000000000003e-05,0.002908020229999619,0.0008954889999998858,6.700000003911562e-08,2.2882000007666673e-07,8.416299999444172e-07,0.000693570130000008,0.0003042906099999094,0.00019812319000002223,0.0004811361500000141
Fuel supply,Oil and gas supply,Oil refineries,17.831337295343108,18.60580590892152,19.015318447749877,19.917066829251926,19.43084354333882,20.16641135541297,20.610391672201132,20.459525974484556,19.992906469601227,18.08255302905617,17.298374342298533,17.10491817123693,19.226556853738565,18.641843543679496,18.330000000000013,19.839358903618972,18.00396103710741,17.808093777223444,17.265320624946497,16.268502191930676,16.982982288793572,17.37621093918948,15.71898905259731,14.67571435559002,13.484313884010009,13.501486506990014,13.594383173220013,13.560268072360008,13.04855492590001,12.62827057547001,11.11012944883001,11.08147320103001,11.942301579210007,11.916128746305068,11.492460387600008
Fuel supply,Oil and gas supply,Oil - exploration drilling,0.3247530976582639,0.3086369194393257,0.281611481301137,0.2610721047825112,0.28722783126076223,0.32645671864928155,0.3617980132024606,0.3424842017706933,0.3464191920000003,0.11940963680000015,0.1040687120000001,0.07715225600000007,0.0953035628800001,0.05632901000000006,0.048511569589575136,0.06602500800000008,0.04068695825708125,0.03594890283521174,0.031044080000000026,0.1066391800000001,0.03310384000000004,0.04289924000000004,0.03542375000000003,0.04108370000000004,0.10646657000000012,0.06712842000000005,0.08939187000000008,0.04265606000000004,0.037983044000000035,0.05828676000000005,0.01156004000000001,0.028766500000000025,0.022922660000000022,0.026483580000000027,0.015323560000000016
Fuel supply,Solid fuel supply,Coal mining and handling,2.060674719566297,1.757516044382693,1.580326470078167,1.2725901062704936,1.0054690523508134,0.8683177646536228,0.6719348687251624,0.7812281465493014,0.4187749720759753,0.3511410461096423,0.36813937979618355,0.42126486746443154,0.34095411404145715,0.31577029915794896,0.2956337286637265,0.2555834217660664,0.2761002450345991,0.3407749799581391,0.4556158032335899,0.34132930996438027,0.34250899617304814,0.3750356889440188,0.23041710637952328,0.26961344789973396,0.356469986513522,0.34239903427614526,0.335391974146234,0.3473663443561988,0.32179085078952624,0.19693236301313594,0.20125977105861112,0.13186048666528896,0.14131692620518868,0.15157650346642648,0.14157084486573862
Fuel supply,Solid fuel supply,Nuclear fuel production,0.07652318542565649,0.0901160415198988,0.09247457885074836,0.10304898128820364,0.10050622035390612,0.0855322587418806,0.16043720329855715,0.16986393651715095,0.0,0.0,0.0,0.0,0.0,0.0,0.0,0.0,0.0,0.0,0.0,0.0,0.0,0.0,0.0,0.0,0.0,0.0,0.0,0.0,0.0,0.0,0.0,0.0,0.0,0.0,0.0
Fuel supply total,Fuel supply total,Total,38.45327362610442,38.89707105290137,40.35502764806433,42.24493151869783,42.83339521714033,44.808980967675765,46.328161291112096,46.525110502604434,47.378218778227925,44.544559966265034,44.363840647152934,45.26871736847673,46.40420962334439,44.63953455379155,43.34864558803477,44.7113705510618,40.752906700291696,39.90554017779657,38.77463435485482,37.48645806478259,38.271569733839726,36.65697650780957,33.049544480544796,32.227651450050935,30.961893204537944,31.924934634984716,31.882540861137933,31.512533788166824,30.760101025815473,30.734599738173724,27.86476219841443,25.591516056379998,26.301035806408393,25.417921306032085,23.873263404719737
Domestic transport,Road,Passenger cars,70.49531301043949,70.25590182798894,71.8114700197961,72.73254680546701,72.09915922474042,71.20062231903535,74.15429845377456,74.44334920602344,74.15100521465307,75.54480788415744,75.16546126683399,75.32104438932629,77.12105025820776,76.01907930588897,76.62292955910405,76.65223862988776,76.32979980974112,76.35343227432017,75.1908075954109,73.1588139535542,71.14984188666234,70.26148756454207,69.96583707429845,69.07232522522045,69.70081037489084,69.57380766810296,71.52878236427894,71.77517133628075,70.63420534639857,69.12547382781511,52.76444983910845,57.515303603951835,59.312672319901935,59.18745193990785,59.12053570183518
Domestic transport,Road,HGVs,20.99245941579374,19.93693942296994,19.872980078894518,20.13346090209305,20.814552596382413,20.597234918102963,21.238363173895205,21.33708819488976,20.828534522609175,20.732005269516968,20.42341723666684,20.39399973411955,20.881112637069887,21.06826211871155,21.45047251470189,21.559959727297734,21.532214437752,21.693919789555412,20.050960888788907,18.45515818402703,18.917371299931027,18.317676075732802,18.158540824348066,18.03854777661521,18.49341287766546,18.893111793135617,19.470454946832014,19.73270422701787,19.72137362442849,18.7744418359217,18.7078055683237,19.947379921941224,18.85322785956349,18.099488259289178,18.08012335276484
Domestic transport,Road,Light duty vehicles,11.115008237194505,11.534676336715147,11.651038150804029,11.810873652636086,12.279550849431441,12.210646486351726,12.767627873562539,13.190245942830954,13.309795715345718,13.34763432536663,13.277733281256724,13.358228413066794,13.544614181295234,13.976680138981605,14.375097359207178,14.718114408536142,15.022811153862452,15.547856247462937,14.775684462291062,14.581538422459325,14.987654535814386,14.965524047605564,15.44565704179669,15.47959958138703,16.26806788411726,16.76930288961199,18.08033426325125,18.412084555957115,18.506219827628577,17.777105554782683,16.911639005332944,18.59190007335444,18.49463690317916,18.146268030199877,18.465451420131917
Domestic transport,Road,Buses,5.217207645902734,5.329303966641764,5.262810080831789,5.248543473568989,5.334523872640056,5.435294531156911,5.505494868596577,5.513705549463387,5.291532765068194,5.191028001423735,4.8719133998232875,4.71981780741225,4.699473817349956,4.802883150215055,4.56322059439788,4.515439176515867,4.570924157476919,4.633894863463834,4.107489632854582,4.101050595072556,4.199647612941016,3.860400566278501,3.918522022627536,3.74147470872792,3.7421021430754697,3.5483126905703797,3.4771069637676177,3.338759434102999,3.1865734407031945,2.925302199762489,2.1407883622765214,2.3260652871515957,2.3560635593970964,2.2442100907602716,2.2648941420565794
Domestic transport,Road,Mopeds & motorcycles,0.6428161139484676,0.6176775764521985,0.5265725092727231,0.4429072662673923,0.4319123573444393,0.4215038303810969,0.43342979007577476,0.4630086623680754,0.4782674718040278,0.5269186515882848,0.5216701471021581,0.5350323449779376,0.5633322724621005,0.6133469399421978,0.5595443268675446,0.5841651525586159,0.5499459562331652,0.597063394916616,0.5604347192993614,0.5539154119165244,0.4898010274715597,0.4912259287949884,0.4355926794289328,0.44037283599870203,0.4609619266591924,0.4619462774532796,0.4756949015089609,0.4691799144014235,0.44658672603377836,0.4396032413145327,0.3514513309514566,0.4037212117988849,0.43671538890356154,0.4378692750868461,0.4546312056217286
Domestic transport,Road,Road vehicle LPG and biofuel use (all vehicles),0.0,0.0,0.0,0.0,0.0,0.0,0.0029102023498611997,0.0058204046723213864,0.011727059290001677,0.023450168647823993,0.06427908028231955,0.15720451475317196,0.2534319028233283,0.30829230524421425,0.3304753747014284,0.3578012379017446,0.392638063804585,0.3957700406966444,0.4834048343902606,0.45300384385047243,0.4515583348093535,0.4115715293451697,0.46700633073554587,0.4839164156808733,0.38545339622930963,0.32995143394698834,0.30238974553585557,0.29129151170192447,0.3454547024429691,0.406594493172375,0.3948745685667932,0.34426146122245393,0.3639038285498673,0.4512396834611577,0.4682966059555691
Domestic transport,Railways,Railways - mobile combustion,1.4615221164446395,1.4967953999978207,1.509143826039863,1.4471616123962692,1.3895242106777066,1.4695517199366037,1.548877136923632,1.6234498771707937,1.6579585926596465,1.6639290074167072,1.6872924813646628,1.7533933393329044,1.7228796757540508,1.7430145151610275,1.8180214518417268,1.863220364835173,1.9075425215008612,1.9585890253555962,1.938384478232978,1.9587046446481482,1.9699156168502034,1.8922142142470375,1.9461271873751345,1.9454986453346481,1.9970775755228531,1.9216635007490253,1.9023095875930687,1.8742730612296188,1.7725235757016318,1.8441348227195515,1.435528746582986,1.5576812698305689,1.5177247921763577,1.5750165037857988,1.6470141959694793
Domestic transport,Railways,Railways - stationary combustion,0.4813990068352823,0.4627305305528527,0.47912969677247647,0.4859933557697055,0.5088960655861272,0.5021458840372348,0.539684435978649,0.5163205890162588,0.5092001618836163,0.5003812252544035,0.44283167596417305,0.4513976730188436,0.36951285982266324,0.055021703433640975,0.04273405564443032,0.007053911341118479,0.004432065390510854,0.003828243055477958,0.00390753358652232,0.0029876851179232913,0.003344650720433176,0.0026621057594797804,0.0023680092690842596,0.0018950640651483734,0.001776634000769377,0.001317597403372969,0.0025159827879698052,0.002034786166505823,0.002332224147502167,0.002961484088135957,0.002164366476001016,0.002870415394672376,0.002494235599476763,0.001219882954560402,0.0005139662268954032
Domestic transport,Waterborne,Fishing,0.2477254350817782,0.24883202767089677,0.25173758280280084,0.25490546123986013,0.2205633445308668,0.220919410932986,0.22211051476842159,0.18854330486089171,0.19304375430789056,0.14318338268420033,0.13066570480554074,0.121202457760372,0.09651639744370816,0.16277107599781207,0.17206272978441675,0.2167031162196148,0.2652702971393883,0.23822068316252923,0.15466319525578895,0.1553922887553068,0.14654067447573163,0.14054751294006154,0.1600887927016157,0.16830415749650912,0.2053123844476389,0.19435195767721136,0.2178834586845594,0.21624816499300795,0.2111082842656545,0.18419243865314028,0.12963668549357057,0.1307881941486105,0.13855782262494337,0.16366622025282862,0.17969472939131279
Domestic transport,Waterborne,Shipping - coastal,3.2984081372718608,3.459741416615168,3.469743607030352,3.3776423557467625,3.3572867643976543,3.2099628112598975,3.5650311833037605,3.301358026145505,3.7761317050242003,3.1461550046623286,3.0291746010317446,2.938292863822492,2.269658150766947,3.065157874008251,3.228208490407499,3.510686769561697,4.7102161868524535,4.220264798431899,2.699715325546048,2.8101895272869455,2.524412061811926,2.5596011011169173,2.743806682190079,3.016422935189102,3.385713022879633,3.322035188914487,3.492301733208298,3.4563327951297054,3.4211031258224094,3.3476930154570925,2.3658423165678846,2.501627968410393,2.5319195526644283,2.6218338599791187,2.7376332524460296
Domestic transport,Waterborne,Shipping - other,0.24575589761213415,0.2530596751586326,0.268253552770376,0.2844415633233345,0.2916089184636011,0.3030766906472009,0.32818350897887305,0.3410547450681743,0.3585059185453943,0.3688225165746545,0.38649860328804303,0.39354845937479166,0.4152606240212847,0.47091020347877477,0.4789477934999355,0.511881964184604,0.5602967221823006,0.5706069231692134,0.5914553680062443,0.6223336109073817,0.6406439111429656,0.6571091988802391,0.6572130931346448,0.7109964932700173,0.7469626353462223,0.756389876813935,0.7719211370623448,0.8313337592757386,0.8473322771989745,0.890005576207421,0.705054797368801,0.7983358657918793,0.9237443468131479,0.946699678031771,0.993984759641341
Domestic transport,Civil aviation,Civil aviation,1.4763974845557615,1.4913798655066608,1.4922557056769967,1.4634949424486339,1.363055303532713,1.445486497358761,1.5983044270452258,1.6228404820793134,1.7144214511181886,1.9181686423448119,2.0720081140592677,2.168468206102777,2.2065886596744493,2.3329684704470286,2.2947327228429897,2.704408446564333,2.4158379380471287,2.2591885028777217,2.161822893746462,1.9286705383879081,1.8275813705870718,1.685691463429166,1.5932563539029947,1.6471551178670232,1.4957164048566218,1.5155992661826396,1.4532748782597513,1.548435134991269,1.413075422342819,1.3289646311532153,0.5661167200573841,0.7551400981263903,1.0607448842848535,1.1213100443012554,1.171237130456658
Domestic transport,Other domestic transport,Military aviation,3.88814381266667,2.8363756226666688,2.7413785263333352,2.9449383333333357,2.8517082000000022,2.7584780666666693,2.6652479333333354,2.415794333333335,2.3339030000000016,2.200735093333335,1.987439666666668,2.0693310000000014,2.280358666666668,2.292866421012259,2.0904049841012555,1.9770456066295212,2.6254343711462442,2.8890052615686344,2.3984284311049264,2.1218121376078853,2.0229154304741996,1.946087836211117,1.7910816935420644,1.6181971852288843,1.447472640906292,1.2088222473204566,1.109390995391823,1.117660038666936,1.121369319598972,1.1452947181161617,0.9967422639929877,1.0335121115241608,1.0604650279634673,0.9822003744177845,0.7461549400555929
Domestic transport,Other domestic transport,Military shipping,1.4051360130387889,1.4648587904928114,1.3535612234449426,1.2032322571111609,1.114805443531027,1.1345269574002093,1.1466389836449566,1.2208702543614258,0.8643154333492719,0.9535429488506133,0.933421084020827,0.8567496460057478,0.7800782079906683,0.8735678513604795,0.9670574947302905,0.8691884721141095,0.848126619880674,0.8778679949491256,0.8686703982354774,0.8669571858146647,0.8810540506246592,0.8078913222607876,0.7342137587729739,0.670423366220189,0.5713223452845655,0.45311392367546427,0.4380863654353586,0.46698477572559627,0.4963913993312253,0.46289666667827867,0.3535799274406352,0.5261519709762562,0.4317688254177685,0.4765914969217265,0.38992775151579373
Domestic transport,Other domestic transport,Aircraft support vehicles,0.09814446584464565,0.09073286939251586,0.1001937404868122,0.1060731485681262,0.11624794648208088,0.1245873306598026,0.13319343426181443,0.14760233179983914,0.16501227263286664,0.18134066220850376,0.2019577309145708,0.21188912678023145,0.230788378215256,0.25621224950615185,0.29094444695402355,0.3246867651078922,0.35388869492786473,0.3815396832806998,0.38994763152966794,0.3790541197178657,0.3760454510751275,0.4018224177880234,0.41369064002066663,0.4374607204573932,0.46626834480589685,0.50220350949101,0.5586034974782228,0.5921874965418992,0.6129832865510814,0.6541511287936452,0.15523169592040104,0.12965563930151777,0.4139613953479473,0.41910827710249865,0.45323802740061253
Domestic transport,Other domestic transport,Lubricant use in engines,0.20623266350174063,0.20582300880414162,0.20818481004689646,0.21015040891253628,0.216394166558552,0.21657087404783237,0.21794772363451465,0.22044173819448618,0.21729797993273536,0.21989490180096888,0.2160088278048803,0.21878605603541743,0.22191275177612363,0.23002358835067838,0.22630844080037096,0.22243065125085054,0.22784111657349848,0.22818489438924178,0.2218037065042624,0.2210262702661188,0.21971272104288234,0.22032287364748776,0.219340868756321,0.22042004822319602,0.22879907985762915,0.2310509075319902,0.23817071714414903,0.24140526912596386,0.24267176424099166,0.24528014204333573,0.19502640521292175,0.2152842410430687,0.23028978677002354,0.2315780456409558,0.23064640057035113
Domestic transport,Other domestic transport,Urea use in transport,0.0,0.0,0.0,0.0,0.0,0.0,0.0,0.0,0.0,0.0,0.0,0.0,0.0,0.0,0.0,0.0,0.0018085913364766907,0.008310731346430828,0.015520670528686773,0.020801406853977734,0.02772469858297114,0.03463236868585389,0.04191237580146937,0.04705558876612914,0.051106084058554865,0.05393477024223315,0.05695057097852325,0.058471761072612545,0.0587947587527494,0.05587525572688638,0.05390885330809326,0.057704749735165005,0.05494463612232927,0.05257415234125948,0.05251721721530918
Domestic transport,Other domestic transport,Refrigerated transport machinery,0.06375126801787882,0.06311383599126731,0.06247640396465577,0.062125023256608285,0.061773642548560465,0.06296517870675143,0.06556934404247948,0.07135036137313401,0.07519326294746478,0.08139255594691434,0.08853440201604909,0.09298830245930939,0.09695370583362609,0.10199594321350557,0.11069649472247274,0.12114861468629583,0.13311529682043746,0.14113833257986036,0.14497681721364197,0.14728138375241917,0.15860937808575915,0.16696799812184648,0.17189720058126923,0.1822400872777299,0.20066617154213165,0.22229220543315487,0.24359799089492803,0.2593018072630642,0.26102589155181605,0.2725150774327585,0.28706757867967003,0.31797977181243153,0.31312110037253904,0.3196469659749308,0.3462128720360433
Domestic transport,Other domestic transport,Seaport machinery,0.40684073944050414,0.4075543687470317,0.3859196486560437,0.37263583856909205,0.28885074894430507,0.2492490376999643,0.30971808644048404,0.2958901427409918,0.313608240935199,0.26665674998551575,0.27875642017503344,0.2526231160475279,0.22459740196318725,0.512930109674788,0.36482596522645283,0.4381243116975182,0.6465550938983988,0.4335147749791198,0.3605512987923807,0.4029530613336702,0.35103765846337615,0.3648245953564725,0.35492327682559094,0.35573124574187914,0.42439868665222247,0.36498434929914403,0.28793199363322364,0.2501320407646444,0.2490004442738483,0.2424091247042404,0.1437577609069526,0.15316570794641796,0.1548945573694351,0.17452218470363498,0.1669305708217128
Domestic transport total,Domestic transport total,Total,121.7422614635906,120.15549654236446,121.4468491636247,122.58112640070799,122.74041365579198,121.56282254438197,126.44263107461065,126.9187341463921,126.24945452210666,127.01004699176383,125.77906372407678,126.01399745039643,127.97812054913689,128.88598396462797,129.98668479953585,131.15429732689057,133.09869909456648,133.43219645956114,127.1186298813182,122.94164427133033,121.34541237156698,119.18826072074357,119.22107590610916,118.27803719876805,120.27340061279857,120.32419205355534,124.10770209372684,124.93399187040862,123.55012544141526,120.12489523454273,98.66066679256815,107.30852956346195,108.65185082302185,107.65249496511332,107.96963824211295
Buildings and product uses,Residential buildings,Residential combustion,77.93551242741643,86.65559113103502,84.01913331580289,88.03537928012835,83.69740849494612,79.28063655986061,90.40074593130498,83.29878137624759,85.24099491823983,85.05803684145248,85.2908522533303,87.35823751023595,83.89648057121339,84.78140304528426,86.41257859852946,81.93564259697428,79.19672570010042,75.63039146849331,77.48245546669995,74.42842146938541,84.02875684178932,67.27910698989596,73.61401158031185,74.50628366616543,62.10269417303677,64.5597185401906,65.13391751381168,63.61778178182074,65.03419130282911,62.68599206960034,63.73765739205392,66.91630066292396,54.59483885725197,51.29785864518888,53.48430148198621
Buildings and product uses,Commercial buildings,Commercial combustion,12.41924114543829,14.320936229883038,13.049120824815308,13.973889947199073,13.657407758148794,14.158470156101519,15.117303233838872,13.36982826213496,14.52331846848237,15.863890575407018,16.17699405435265,16.725419732379827,14.15181522780573,14.967210117917018,14.636410568035865,14.743329966294423,13.678050058867997,12.95457358695751,15.5799267005798,13.015617015307713,13.609193849042272,11.541515761027599,13.135386920160936,13.48203565590349,12.466375030220755,12.72178348917964,12.3879198161524,11.838478276826532,13.955935936103248,13.229746817920192,13.01031372089964,13.978226021440623,13.076290667587296,12.558843102205405,13.215540272583596
Buildings and product uses,Public sector buildings,Public sector combustion,16.048787347780156,17.043254012303187,17.62045201281856,16.315340569404572,15.984418707026338,15.78278270111677,16.780494942992174,16.339642777009402,15.265034399898973,15.359958995735893,14.540833538936582,14.660619415005987,12.327136752146968,11.798381435927283,12.824353192317847,12.911340331965862,11.747639872094108,10.902537563345327,11.108098755502093,10.012892866499413,10.69304452096141,9.007679461819611,10.039538661919378,10.133584247467791,8.924595028886298,8.784476065908043,8.662250835253019,8.585574113244025,9.468683082945336,9.234522032867917,8.682032535222909,9.532001892756393,8.598345905981368,8.283286694705954,8.934147559406826
Buildings and product uses,Other buildings and product uses,House and garden mobile machinery,0.30449475450701846,0.30796054846075677,0.3107524380346017,0.31387440322308824,0.3173677034780468,0.3206547064738543,0.32274020040849044,0.32446688359375786,0.32679178772510215,0.32910957376153616,0.33165174775853756,0.3335413851145975,0.3370351750463053,0.3387344892154239,0.3397676722302481,0.34281284322130856,0.3450151543844861,0.34814189245566435,0.3517580330075489,0.3540283167374915,0.3567200303813751,0.35901750313802355,0.3618859454554959,0.3624705095296727,0.3634357199777319,0.3676772081438519,0.36853366248508757,0.37012422054738264,0.37488230022091473,0.378253739532446,0.3791917609537997,0.3822641209715659,0.3839498406273316,0.38551320966292074,0.3889254325145108
Buildings and product uses,Other buildings and product uses,Other product uses,0.033105600000000034,0.029505458888888916,0.028312068888888913,0.028925600000000027,0.028333897777777804,0.02653556888888891,0.02654578666666669,0.026607093333333352,0.010859640000000009,0.02237414666666668,0.01952896000000002,0.019679440000000017,0.030342620000000025,0.043121548800000034,0.03042883946666669,0.04282209360000004,0.02909958244213234,0.023545368000000025,0.027515644614169492,0.02331386642265147,0.02201510666666669,0.016862252000000015,0.01896778400000002,0.025368361333333353,0.025368361333333353,0.026980500293269986,0.023675645652394606,0.024234055437162408,0.022725709799225752,0.027727841491192947,0.02447525342005789,0.023197024590563404,0.016105164450181775,0.016679174621355732,0.016358807159028068
Buildings and product uses total,Buildings and product uses total,Total,106.74114127514189,118.35724738057088,115.02777066036025,118.66740979995507,113.68493656137707,109.56907969244165,122.64783009521119,113.35932639231905,115.36699921434628,116.63337013302359,116.35986055437807,119.09749748273636,110.7428103462124,111.928850637144,114.2435388705801,109.97594783205587,104.99653036788914,99.85918987925182,104.54975460040356,97.83427353435269,108.70973034884105,88.20418196788118,97.16979089184767,98.50974244039972,83.8824683134549,86.4606358037154,86.57629747335459,84.43619244787584,88.85641833189784,85.55624250141209,85.83367066255033,90.8319897226831,76.66953043589817,72.54218082638451,76.03927355365016
Industry,Industrial fuel combustion,Industrial off-road mobile machinery,5.136568457785707,4.882375080812236,4.951817253836938,4.9993903459048985,5.1978670333099855,5.178973258864211,5.1569088418392015,6.142645646796077,6.3137673929110925,5.612171293692426,6.090031265235519,5.884326328412834,5.722927797606005,5.776445599699009,6.285307675221015,6.414453050932047,6.717715506342981,7.475974396791364,5.527096438478049,4.574924794603849,5.124468145862462,4.921732335796492,5.1006620086201,4.738518633993408,4.2760599051317385,4.931613440739588,5.04566536877851,5.2219550783676025,4.832698987952206,4.885764783135621,4.475867522029993,4.876323963312222,3.866519061113986,4.351407339655036,4.614870324089589
Industry,Industrial fuel combustion,Iron and steel production,21.512417425692167,21.199429021638412,20.699175876047782,21.260742274236765,21.858054080936768,21.64886152383637,22.216378539284957,22.793145750918562,20.665489284316248,21.712566057799872,17.859816148676842,16.65879145777482,14.64182993764179,16.400325492577515,16.52233342493155,16.13105197751966,17.371045615138364,17.305039050899996,16.30676473941851,13.204963346499277,11.69986439160401,10.894643365111872,11.897631643107072,14.322642166265815,14.66496854700658,13.225539980925179,9.927853559845817,9.35124206626753,8.868588022564682,9.332807738074596,9.516679398797386,9.013096754618743,8.866360495510706,8.39432377131308,5.97386836446567
Industry,Industrial fuel combustion,Iron and steel - coke production,2.057890672119871,1.8362396646690198,1.666995967677146,1.5782846163321747,1.6559497269709247,1.615225556946428,1.8094578515883175,1.8040673558956186,1.8092575411481007,1.8460264254530494,1.8340900801752285,1.3535534433853298,1.1204552485188817,1.062641610009806,0.9173847226923466,0.900344700742103,1.1669158199984278,1.3365254775054334,1.3109369258603396,1.1699432084073473,1.3150206952474353,1.181228043084721,1.1922981182081207,1.2408083864805182,1.2171525798993073,1.080440224780451,0.8513708560975185,0.7709820930530211,0.8000339228319975,0.7760205518278559,0.6959415055637612,0.6605882425222226,0.6086346268497111,0.44674816062506795,0.08012278899089467
Industry,Industrial fuel combustion,Other industrial combustion,69.48917956256673,73.68303000499195,71.20639418645007,67.71847771479626,66.5167300679868,63.98923677831016,63.686848210232085,61.89852598040403,62.70552624188391,62.974933955048186,65.91041312401002,64.19671067601118,57.97531439141477,58.394025602842106,56.173998075692076,56.98431293782612,53.826845129660775,52.19134566841258,48.31276849668649,41.93017038233505,43.83351741654461,42.7260505966594,40.45410874725802,40.2983857212063,38.283886787645415,36.83809309456884,35.89464320315392,36.462404952788894,36.30214808599176,34.74610129884895,32.371230868462256,31.569221459830533,29.752298979866435,28.265154866600028,27.7407720454603
Industry,Industrial processes,Aluminium production,0.4503191733333337,0.45604181333333377,0.3800443533333337,0.3711457933333337,0.35901675333333366,0.36915112666666705,0.372329686666667,0.3840595000000004,0.40057138000000037,0.4175013333333337,0.46985246000000047,0.5247981200000006,0.5302497200000006,0.5278319200000006,0.5538317400000006,0.5694519600000005,0.5549005000000006,0.5617388515200005,0.5031133800000005,0.3905748000000004,0.2865178439200003,0.3295040287000003,0.09163504504000008,0.06813815932000004,0.06444642204000006,0.07327145672000009,0.07328379212000007,0.07161920920000008,0.06834785496000008,0.06066015956000004,0.055064714320000055,0.057937568920000064,0.048310913420000046,0.04531055606000004,0.045739504580000034
Industry,Industrial processes,Ammonia production,1.3216666939836395,1.3236582917322999,1.3460732324204405,1.348364830169101,1.350356427917761,1.3527054919290011,1.3547545559402412,0.8834762187641256,1.0964953086100901,1.0914595228043038,1.2616161729155646,1.3274433875995542,1.4462293320634523,1.2864919952504978,1.2186016306766263,1.190237000000001,0.9205280000000008,1.2448170000000012,1.048900000000001,0.8372120000000007,0.9693750000000009,0.6225300000000006,0.9863910000000007,0.8624405927900004,0.9402060000000009,1.0271922375600007,0.9136285911000006,1.129295000000001,0.8372041010000006,0.9817511892000009,1.043321966340001,0.7096576734607096,0.47188163477038664,0.0,0.0
Industry,Industrial processes,Bricks production,0.7478756640249594,0.6260696362683242,0.5793773942803014,0.5049350949298873,0.5902454353408129,0.6113325964021974,0.568268945005058,0.5555509117015586,0.49480100554835693,0.4321101249524129,0.46590249226101804,0.48706845044940966,0.4768721985874483,0.486367584732733,0.4935305401254134,0.477917911785263,0.5212757832835039,0.5118633989998692,0.39792617280455966,0.26133357943774416,0.29404913397183224,0.2879297256630856,0.25989708077342216,0.2761898612210529,0.3162648819873687,0.32468845650105294,0.3173487779010529,0.31423012789473703,0.3325008074736844,0.33454238512210555,0.21140798115157916,0.2949765108084213,0.3072917798736846,0.2503471261600002,0.19650751420842127
Industry,Industrial processes,Cement production,7.295263286666674,5.994176100000006,5.456386026666672,5.524922480000006,6.36781031333334,6.28490331333334,6.416449086666674,6.710492580000007,6.838169360000007,6.530860746666674,6.3318839466666725,5.843838073333338,5.988264830900006,5.867549475333339,5.976629662520007,5.941163153346673,5.8927801443866725,6.117015000000006,5.204876684406702,3.7212085589150505,3.7920099124213427,4.096816411790581,3.723954443416885,4.029109619210006,4.214814100440006,4.393361000000004,4.553320836413105,4.409789871213936,4.363947644860006,4.448498603144334,3.899687663800002,4.215152424760004,4.045100401263736,3.514870091283458,3.468656721027479
Industry,Industrial processes,Glass production,0.4123684272359539,0.3357260377309924,0.39710964342634597,0.41741033158442475,0.39056357795599767,0.38401909027708026,0.4091378921226472,0.4145206388070837,0.39363115656122594,0.37384110484280253,0.37346463253764905,0.4303407612290656,0.42212406987514706,0.41348606929168247,0.4350992604248268,0.469655208108756,0.4600970181745207,0.4545215022184794,0.45292292992353306,0.3635319417114762,0.40169895455064814,0.4208203319647532,0.3858238638254692,0.39240743592500443,0.3680590900250042,0.35554058936500427,0.36614268385500415,0.37196778435414185,0.36463095468414175,0.3694715497941421,0.32335087282414193,0.34024534710414206,0.37041509851414195,0.3202735440560382,0.29939247686983095
Industry,Industrial processes,Iron and steel production processes,2.218201504650753,1.5284485359297313,1.369911444499635,1.2964596388370888,1.6014509906118293,1.9264735186747377,2.189625385010623,1.9648618464472871,1.7604706084955775,2.065703318606823,1.8875580788738437,1.287314956342763,0.8941982094965236,1.6186049821522108,1.828383717917919,2.230449288839963,1.9111109788439204,2.451003000610659,2.811668051487622,0.9803686245417806,1.5462448770619956,1.1791767096486032,0.9576222893562326,2.222680606161367,1.9976376700826308,2.074428188033139,1.0464507410946398,1.205510903893743,1.036377756948599,0.9222010798005288,0.8883957992973676,1.5195907958457882,0.7577317055510515,0.7343058299551739,0.4662245834264588
Industry,Industrial processes,Iron and steel - coke production fugitives,0.13477941653438444,0.054691005210419384,0.039394840164761184,0.06695679793571133,0.03881762638945334,0.043723943479570114,0.04321804053113534,0.030155518966652663,0.04932928528543665,0.02549620502068969,0.04767693998157258,0.03343852041172063,0.056115390661502354,0.06622012240380015,0.11326285858821807,0.06385887704662174,0.06989443618833649,0.06416529824596351,0.05713514040537294,0.012279756253504961,0.09261791476429887,0.1043141580989229,0.026786357596561356,0.05433848970146113,0.09400493101634842,0.10822915242322881,0.02856627346878685,0.024575040732697423,0.016443276945183452,0.022496343463447806,0.02344591835686529,0.031470622925007304,0.004588689667557751,0.013024267608098113,0.0013650248710583457
Industry,Industrial processes,Lime production,1.3285983562911692,1.1870935603754829,1.194486672997511,1.202272179246446,1.2611037066492055,1.3945483284823137,1.542315515693677,1.5671343444729626,1.696071075585974,1.4626970743730756,1.4752019554314513,1.459748408226372,1.3452460348394044,1.4457987096834652,1.5292760325477062,1.5264087235034907,1.5323274613883795,1.5835853114451617,1.407878500360758,0.9922790050007514,1.1173123751609797,1.155275824671404,1.177500285615894,1.2388593922736704,1.283378834213517,1.219439513942074,1.0210085649207354,1.0518114817112365,1.088523956335049,1.053425375879438,1.0024466849535403,1.0922591279218283,1.0614919041078714,1.004848681833936,0.9833771750142581
Industry,Industrial processes,Non ferrous metal processes,1.3506457157772607,1.1262830505997357,0.7801664895319026,0.5266172675685423,0.9233381014071617,1.0919743798252768,1.0664262434165699,0.5507581919512872,0.4101726650928203,0.45063426973003834,0.4947100171991008,0.3745299592608963,0.17414654362223142,0.06876566105602698,0.0,0.0,0.0,0.0,0.0,0.0,0.0,0.0,0.0,0.0,0.0,0.0,0.0,0.0,0.0,0.0,0.0,0.0,0.0,0.0,0.0
Industry,Industrial processes,Sinter production,3.5193033980412447,3.3978895863400886,3.51074819732933,3.458955806141287,3.585431345667999,3.608357815526979,3.537127788081551,3.697080897764551,3.5756085479690936,3.854337732415534,3.4028145022302896,3.2023160514120566,2.7967678902784807,3.167069622411468,3.216169454827628,3.1683163200138122,3.0505706714884386,3.1378578852592507,2.7082514838936946,1.944937724089695,1.746534767996737,1.6171422033333434,1.981285529600002,2.6406094797730706,2.737389348132048,2.229213325864893,1.3592095992591275,1.3096403034475657,1.2580528316710018,1.3179093371603314,1.2976992481226448,1.346769640654487,1.2896963168937112,0.8539295136971068,0.7731164645406073
Industry,Industrial processes,Soda ash production & use,0.3071777063483118,0.3079103987927257,0.3086425219745938,0.3093740959788896,0.3101051399567073,0.31083567217891533,0.3115657100861537,0.3122952703354609,0.313024368843794,0.2945005721787918,0.2380815353144981,0.23341006242511023,0.30563508452312277,0.3113932665393401,0.30623417689056365,0.3971649794405148,0.31579072233115457,0.3828710536335369,0.3747688962561774,0.34642049111770845,0.32826042272501954,0.30545361419536127,0.31990473389196444,0.3105120620226343,0.18249243747943136,0.16551084837980876,0.16827549942033565,0.1750130521108628,0.16824311332138878,0.18002228471191595,0.17666676032191564,0.16613590722191607,0.1498228625319155,0.13302387174191577,0.1313864359819158
Industry,Industrial processes,Titanium dioxide production,0.10463206944147885,0.10463206944147883,0.10312966024281937,0.10312966024281937,0.10312966024281937,0.10312966024281937,0.10312966024281937,0.10312966024281937,0.10312966024281937,0.13721559867276434,0.1413102448549733,0.11212162444772071,0.09179082449457057,0.09607483274732685,0.10714516143323134,0.13744283414261232,0.12933892212961454,0.13347599657488626,0.08751672747483055,0.08799980681761196,0.1115894002719814,0.1100661535266935,0.1082231955582673,0.12165459517976854,0.15273809018913387,0.18274827561227738,0.16705089465040984,0.17841862722465032,0.1797797048308514,0.15238395975726515,0.13487323316134495,0.15529391319541733,0.13128054821378446,0.11921747163101729,0.12837098051610404
Industry,Industrial processes,Other ceramics,0.35389170690519656,0.27610316579831456,0.2501654260456381,0.21612426152218153,0.23763198667574295,0.3339089403422686,0.22388785458485397,0.17277433961458988,0.16909224625155803,0.20695821138607823,0.2012968719143211,0.19108137290389918,0.14741682672041734,0.1826096431771179,0.21915050003085212,0.22271467090825942,0.22311618388940438,0.17167179370205365,0.17276135154027994,0.07773932162921207,0.14056846253386346,0.15110391288622307,0.09199269057153395,0.14050255106710888,0.1260122658506088,0.04177492931872539,0.059305999789320454,0.1418794553534595,0.039218370186528025,0.03316760157000003,0.03014133248062259,0.03455664875809615,0.027459486484635174,0.02919766261329596,0.02766005797787903
Industry,Industrial processes,Other - chemical industry,0.5878899240217711,0.5879932979557585,0.5880966718897457,0.588200045823733,0.5883034197577203,0.5884067936917077,0.576510167625695,0.5466135415596821,0.5395349154936696,0.5932752894276568,0.5764436633616441,0.5317890372956314,0.4959334112296185,0.522372169163606,0.5333726310975931,0.4024018930315804,0.3813874549655677,0.4157262808995551,0.3214206548335422,0.1195490287675294,0.02417208277618535,0.026639136784841384,0.029106190793497418,0.03157324480215344,0.03404029881080947,0.0365073528194655,0.03897440682812153,0.04144146083677757,0.04390851484543359,0.04637556885408961,0.04637556885408961,0.04637556885408961,0.04637556885408961,0.04637556885408961,0.04637556885408961
Industry,Industrial processes,Other industrial processes,0.0,0.0,0.9750273516700289,1.145451514814875,1.2247051752784546,1.112531882123334,1.667639699021373,1.0921563182158511,0.6377593590705579,0.17980935509477086,0.24898301343809376,0.2038521422624927,0.7600308764931154,0.7481556437431817,1.4466919306047819,0.3006131419974002,0.3138299998400002,0.34651836229600075,0.7434433566410994,0.402927374002105,1.0976703640065373,0.8493003312636627,0.7667386345023297,0.785990228600266,0.8313369397424941,0.2813658540316005,0.2628116246189323,0.16712521091737562,0.34236636320093855,0.03533275148280004,0.32430846841904987,0.12171820805084232,0.30526144428692936,0.04054400218109136,0.003564870587700002
Industry,Other industry,Lubricant use in industrial engines,0.30206094653610455,0.2652413156862487,0.2780042751187442,0.28563792088138973,0.2719027498228896,0.33583496647928407,0.31777518330933696,0.3209088971686801,0.2883698669448037,0.27112741467664897,0.2864998181903537,0.31006400026353453,0.2966228221595589,0.30952717072289954,0.3433456738868599,0.2480685559555071,0.2594097498741621,0.23495771047800343,0.18000843468145786,0.18796290162741738,0.21387700953475036,0.15745072024166626,0.1252451793817943,0.14653584512944895,0.19037292634713998,0.16845438573829447,0.1690568919182251,0.17241824218520663,0.14426534815665767,0.1371050378709555,0.09578579826834308,0.096629306920246,0.08657062480056171,0.11661982775331343,0.08781369018231334
Industry total,Industry total,Total,118.6307301079567,119.17303163730656,116.08114748560374,112.92285267027984,114.4325133195457,112.28413463761265,113.56975485694964,111.9443534100269,110.26027127025515,110.53322560617595,109.59764696326864,104.64653683344775,95.68817144112603,98.75175717353711,98.21974887010923,97.77602718514042,95.61888009792423,96.1206730394928,87.93015836515299,71.60632664575711,74.1353691709547,71.13717760342162,69.67680703711716,73.92189707112307,71.97526205603957,68.75741230732365,62.263968165233564,62.57131996155345,61.08727961876011,59.83603759925837,56.612691305524905,56.34799968568472,52.1970921425749,48.67952215362175,45.06918459164457
Agriculture,Agricultural combustion,Agricultural and forestry mobile machinery,3.4965275441667814,3.6006474302671756,3.7235232633749678,3.449195895355807,3.409596372708315,3.5336376105073373,3.8540484317602752,3.71910554567525,3.661461473151922,3.8948525120411372,3.8399981646030525,3.6821185948096464,4.044495768180383,4.094913600610595,4.408024109494027,4.568986971979621,4.534770482719378,4.629506336490067,5.46434809998117,5.481045088584751,5.544146653456998,4.750022900826247,5.782495105882082,5.6772853626438105,4.3105236029331335,5.877228479282602,5.67731845962537,5.644987644338221,4.1039644860556646,4.413591028587711,4.591117835765036,4.494378395974512,3.7832812277176897,4.502470100304872,5.2296804428899275
Agriculture,Agricultural combustion,Agricultural stationary combustion,0.754327625394254,0.8229136044821598,0.8691625830345723,0.9018491754344999,0.9672771431693366,0.9661918310142251,1.0457509192347794,0.8956283511959833,0.8186353411780273,1.0693784909362158,0.9153184915666258,1.176163742042259,1.0358713983429633,1.032662432493557,1.1256833636191208,1.1289040210454038,1.1092224887528506,1.0489656783904795,0.9822503322594358,0.7568689616817788,0.6849740840884961,0.659593343712798,0.6299841101661022,0.6370612858542692,0.7066658942605806,0.5969091323189109,0.6064972617227686,0.5871955707206457,0.6110311004905635,0.6027059306297974,0.5438292860595991,0.5557009281726615,0.2845248624182452,0.6127013141371608,0.5324105510860547
Agriculture,Agricultural soils,Manufactured fertilisers,0.29295436966910454,0.3696418697055509,0.2366479947288873,0.2155353833925927,0.21843227507866822,0.1784050347589483,0.11995509699595237,0.1639080259088664,0.16597620635094185,0.15883944196676095,0.14229494956550898,0.17639767622511482,0.2255166151429263,0.18555100299580907,0.22385250706087897,0.18673766674111217,0.18916649435033475,0.2521925040499987,0.16184171430635988,0.2540035245017136,0.25593610069520784,0.29928375640493726,0.29778957443081533,0.21536899635399467,0.31331207532622557,0.35180957431047444,0.3563729271192312,0.33835321545868813,0.3092040072802576,0.3311538591819599,0.235826904321369,0.2652640079674759,0.2610002960761409,0.4055300221183423,0.36605560557421346
Agriculture,Agricultural soils,Liming,1.0211012509730617,1.0147727628647438,1.0133762781005524,0.8333695651942212,0.8531522913794446,0.8974961152456933,1.089694335025302,0.9758385683004788,0.8989678289032728,0.8285995702917917,0.8112834988287771,0.6300458976935839,0.5216434265935942,0.7568399172909667,1.082663057138497,1.386087558715663,1.3673795168088698,1.3274257576688444,1.4328802892862074,1.3661150138416518,1.2704664883935308,1.2311338705698778,1.1768762820200316,1.085772468242921,1.0784995838313942,1.0070204546546764,1.0043307127422247,0.9500313312782519,0.9805014190400241,1.1067154241849726,1.0945014774055575,1.1664605651921371,1.1805735873489271,1.1879491594722233,1.0587554693937953
Agriculture,Other agriculture,Lubricant use in agricultural engines,0.011310652183069994,0.008737360987311722,0.010132274264008898,0.013193437454105759,0.013725859967020868,0.013694241351582459,0.010782790651215027,0.009687815763582793,0.008616629490382582,0.008653002596063265,0.006072250481876476,0.005731312389344444,0.005986882649092015,0.008894458928818951,0.008583641847171499,0.002465890218245598,0.003192475908275467,0.002919999982321001,0.0019026510945178395,0.0019026510945178395,0.0025368681260237863,0.002536868126023786,0.0019026510945178395,0.0019026510945178395,0.0019026510945178395,0.0019026510945178395,0.0019026510945178395,0.0019026510945178395,0.0019026510945178395,0.0019026510945178395,0.0019026510945178395,0.0019026510945178395,0.00190265109451784,0.0019026510945178395,0.0019026510945178395
Agriculture total,Agriculture total,Total,5.576221442386271,5.816713028306942,5.852842393502989,5.413143456831227,5.462183942302786,5.5894248328777865,6.1202315736675255,5.764168306844161,5.553657479074547,5.96032301783197,5.71496735504584,5.670457223159949,5.833514090908959,6.078861412319747,6.848806679159695,7.273182108700046,7.20373145853971,7.261010276581711,8.043223086927691,7.859935239704413,7.758060194760257,6.9425707396398835,7.889047723593549,7.617390764189514,6.410903807445852,7.834870291661181,7.646422012304114,7.522470412890325,6.0066036639610285,6.456068893678959,6.46717815464608,6.483706548401305,5.5112826246555215,6.710553247127117,7.188804720038509
Waste,Waste,Incineration without energy recovery,0.781679518590467,0.7787833700067922,0.7449404809964002,0.6754752031470056,0.5245776373580741,0.5143524005093633,0.5014238432031354,0.06547191976481175,0.06422591368864439,0.06237480927190151,0.06156404261838928,0.06164670106499853,0.061902815562596816,0.057208321678099486,0.05605531710987147,0.05500408793350696,0.054100376055511074,0.05313947785949888,0.052344733500775134,0.05099468577224573,0.04682472416575776,0.04604853057206182,0.04440780978228293,0.04389325008842208,0.04401478798637012,0.0444446947333034,0.04485546528338572,0.045833278312383985,0.04621000333875016,0.046040924717862086,0.04363962085964938,0.044817586036048906,0.044905059421864124,0.04459196253761996,0.04473368678912998
Waste,Waste,Wastewater,0.12929217121993353,0.1301197887664607,0.12433036334541057,0.1222643096177721,0.12747932431369763,0.1397391727531304,0.13283366150414258,0.12661542276282142,0.13154223933619835,0.1411998107380071,0.15088517639754717,0.1801570541835491,0.1766019970022326,0.1661990797886112,0.17550385441392052,0.1517480812984799,0.14430654384249447,0.14360481751675316,0.13829253464093672,0.13315060451003718,0.1364175421113829,0.14158608090597974,0.14164386275127056,0.15918356137453188,0.15051644197997197,0.15304229687048412,0.15126326841174845,0.14890848893942152,0.14728589545890824,0.1378377782007023,0.13400896938319393,0.13817448186487963,0.13590882051872757,0.14001908190032003,0.14521084687704844
Waste total,Waste total,Total,0.9109716898104006,0.9089031587732529,0.8692708443418108,0.7977395127647777,0.6520569616717717,0.6540915732624937,0.6342575047072779,0.19208734252763315,0.19576815302484274,0.2035746200099086,0.21244921901593644,0.24180375524854764,0.23850481256482942,0.22340740146671068,0.231559171523792,0.20675216923198686,0.19840691989800555,0.19674429537625204,0.19063726814171184,0.1841452902822829,0.18324226627714066,0.18763461147804156,0.18605167253355348,0.20307681146295395,0.1945312299663421,0.19748699160378752,0.19611873369513416,0.1947417672518055,0.1934958987976584,0.1838787029185644,0.1776485902428433,0.18299206790092853,0.1808138799405917,0.18461104443794,0.18994453366617842
"Land use, land use change and forestry (LULUCF)",Forestry,Forest land remaining forest land,-14.778839391713113,-15.387857348687692,-15.909991708252392,-16.37879055732253,-16.538986884261686,-16.81582932808856,-17.116131163955746,-17.18104879159902,-17.43549647874446,-17.42855519220289,-17.607791799277162,-18.001234129288147,-18.174183187443415,-18.248282851775645,-18.55334281161804,-18.82628540467883,-19.042683603421693,-19.147657248308743,-19.773917710902364,-19.89293169562394,-19.881041868464997,-19.67791367808858,-19.098175495659103,-19.265049003738532,-19.250258521701458,-19.16112604243837,-19.412536050060677,-19.465328570299807,-19.572585588113643,-19.466946802571012,-19.377295004670035,-19.196320277200055,-18.932393549851987,-18.600253317086892,-18.134694852702772
"Land use, land use change and forestry (LULUCF)",Forestry,Land converted from forest land,0.897504569742046,0.8518238613185944,0.802399742742748,0.7684293919746993,0.7424642610656799,0.6972016744850329,0.6764477407369952,0.6863731107006058,0.6422020723282739,0.6722703284773555,1.1967602591239879,1.3124305575108783,1.27832044407421,1.500897257223114,1.3731079489423028,1.4830741430058898,1.187192395134023,1.3899470930693762,1.3648926815339184,1.3924190729115018,1.618102520445136,1.4040633680192314,1.3890791466630779,1.2998482922194667,1.4078403713956957,1.5881576752160547,1.857190440341888,1.6452243971813802,2.225083115294784,1.9322649417415394,1.7557979804862611,2.0556217614147902,2.130740599121245,2.0332395929590965,1.9247237660682137
"Land use, land use change and forestry (LULUCF)",Forestry,Land converted to forest land,-1.7215697170063957,-1.5766150181718643,-1.3913335993492446,-1.2127781641005964,-1.0122874021177188,-0.9410190621109594,-0.942631701068769,-0.9775216830332165,-1.0139522832319607,-1.0142689994636496,-1.0396502984458016,-1.083841761762783,-1.1132282389541108,-1.1219418415159408,-1.1082927940882121,-1.0947674707894421,-1.0711478917140254,-0.9571922546042404,-0.8145208063573202,-0.7253191070254777,-0.6579620214255161,-0.6268554118711259,-0.599778594930114,-0.5818306478198713,-0.522653232645106,-0.491180752107748,-0.4554855798571282,-0.38416331254404057,-0.295703835710298,-0.18400815785666094,-0.06735453898600285,-0.015962070509802355,0.02759929265847081,0.0883440259151584,0.11197233078250404
"Land use, land use change and forestry (LULUCF)",Forestry,Harvested wood products,-1.9957222499680936,-1.8439379682586947,-1.8939551258057257,-1.9701263429825495,-2.2427556319022575,-2.300917867214627,-2.253065244125325,-2.427619831182276,-2.349538268769429,-2.588915115693041,-2.8525032478951533,-2.6983373241195334,-2.652910023471614,-2.7958165711815703,-2.6156324446773898,-2.5230004478523176,-2.2938349719426707,-2.4184930823102824,-2.1001021597117346,-2.0176465455763495,-2.2090621252694165,-2.431243798574087,-2.7375145849123803,-2.428560870438911,-2.3373932970151396,-2.3629278560695575,-2.239585799589037,-2.07205867803975,-1.9936928725330352,-1.8979146035555858,-1.8863041217554377,-2.231075009492582,-2.1374507048320956,-2.1182266980648423,-2.2166287016397765
"Land use, land use change and forestry (LULUCF)",Cropland mineral soils change,Cropland remaining cropland,2.0781862968692275,2.172908013143065,2.267488371577636,2.376989743730622,2.521138476910273,2.660449702242449,2.8223398790655043,2.961658871528146,3.123257837100436,3.2887036792532487,3.4469890768710774,3.5760384900312716,3.721160809546447,3.8529886479660167,3.956892217292429,4.073438012768959,4.1744621739405465,4.255720777147898,4.323332644935652,4.373262592523958,4.417615226874483,4.449005015373736,4.482723568596024,4.510491133336641,4.520481163568968,4.530404762423101,4.529859410618719,4.5211357718193685,4.495418254284037,4.4692019952402635,4.419826658601045,4.368844563432273,4.308235457608058,4.229391133563984,4.189728804912267
"Land use, land use change and forestry (LULUCF)",Cropland mineral soils change,Grassland converted to cropland,8.440863731092078,8.422612316430339,8.408420422499816,8.356188033298032,8.239261049940216,8.110221347250612,7.941936094951197,7.786702480515585,7.575929178370299,7.33675457951132,7.057714072995043,6.803034295601653,6.5308778678903785,6.313781562426616,6.098812831808377,5.86664362316638,5.6702648151880775,5.541487684427645,5.433138512836952,5.311784976503483,5.174359737835862,5.1145584375452415,5.052223823330776,4.932280984664254,4.855908066388472,4.798087511601458,4.774290125695135,4.7235322819701615,4.645169064254331,4.635362879242994,4.658881435946181,4.663502321157905,4.666738747152764,4.68356789306265,4.684931485989333
"Land use, land use change and forestry (LULUCF)",Cropland mineral soils change,Settlement converted to cropland,-0.09301560427794568,-0.09832219453408662,-0.09444647460649204,-0.08958711580243404,-0.0899411656579879,-0.08927779130140806,-0.09053040513286888,-0.09437623912132037,-0.0958341572365684,-0.09828646596881561,-0.09399034678520601,-0.09642058476396707,-0.08953747703163605,-0.08949532021015535,-0.08895201440911683,-0.08436642489220686,-0.08501634598302756,-0.0804608394194394,-0.08454150197190974,-0.08359947079067695,-0.0794768413916056,-0.0775069810025508,-0.0780933098248607,-0.075718582074928,-0.07018366887927266,-0.06865992738714478,-0.06296896680748973,-0.059786769128414505,-0.05927315372754649,-0.06274337026417486,-0.06534122107630798,-0.06175669009209547,-0.061778801246598715,-0.0600799911123454,-0.059172890447774004
"Land use, land use change and forestry (LULUCF)",Grassland mineral soils change,Cropland converted to grassland,-4.2993824253349935,-4.35230482420022,-4.346243683553696,-4.328394250027727,-4.326715414813752,-4.30174652357036,-4.241342413041727,-4.193178173811382,-4.112512004159213,-4.00862545342538,-3.962737797156214,-3.915729092620726,-3.8846521273437413,-3.822241438518288,-3.77403129861301,-3.755105241738981,-3.769504887272955,-3.754632575024009,-3.7648626092065953,-3.7700585696508115,-3.810027844964149,-3.7631594443262384,-3.7328209065436915,-3.7218798626702045,-3.6967019794142026,-3.6532495127290385,-3.696967359782207,-3.676569588154935,-3.732547286225396,-3.7020180299451906,-3.6766030300884984,-3.6662107075215387,-3.640763995385758,-3.6406258309450332,-3.6240097152959803
"Land use, land use change and forestry (LULUCF)",Grassland mineral soils change,Grassland remaining grassland,-1.642250954680869,-1.7104258373637493,-1.8174259346090766,-1.9394785296945152,-2.051494009045753,-2.184359665589815,-2.3163224483604212,-2.4745438377248057,-2.623160005533353,-2.7936372765887563,-2.956411107099063,-3.1027244934052463,-3.245986860416864,-3.384171061839788,-3.4973719860373627,-3.601911846150115,-3.7078068896260326,-3.8165465739938775,-3.9075453240998153,-3.9842663508251603,-4.066403406673276,-4.14499226460841,-4.2067462410918095,-4.286581178658856,-4.363314366291276,-4.434281285988253,-4.479940022367558,-4.546041620635842,-4.591232313411621,-4.638208588129399,-4.711582865421723,-4.787827530619196,-4.857925209378052,-4.925004922848033,-4.975137624190568
"Land use, land use change and forestry (LULUCF)",Grassland mineral soils change,Settlement converted to grassland,-0.37632205644825806,-0.3765074654799535,-0.36387090208625594,-0.3740348907083073,-0.378279660191334,-0.375099889267518,-0.3713147195148266,-0.36169783640038544,-0.3615711305270144,-0.3577780059949091,-0.358098077655652,-0.368313523816506,-0.36997074529089435,-0.3790663090388082,-0.3737464095882172,-0.38635544761464674,-0.38477428404859765,-0.3742886107778642,-0.37497210960730654,-0.36661534598526485,-0.35844526663167564,-0.3658344896572736,-0.36537801448354496,-0.3805102317930649,-0.3788362135860053,-0.38206753235664126,-0.3835910429334786,-0.3777515578497826,-0.3664417883991678,-0.37299486485440553,-0.38216842274646384,-0.3797022895942448,-0.3791069764060124,-0.37203008974690494,-0.3769318029384747
"Land use, land use change and forestry (LULUCF)",Peatland,Cropland drained,4.20444590451271,4.199545781516068,4.197526364349118,4.190439564264346,4.182236593617877,4.1715173112254345,4.162409216290303,4.157167294921345,4.149978339345603,4.142224604124067,4.1320859176833515,4.1233244995088585,4.113353518235701,4.099405145560235,4.0889836235343955,4.080909236196402,4.069666896625034,4.0615001843992165,4.053226400941276,4.045593233557061,4.037140321283168,4.028428406596772,4.020684881090763,4.013225321299758,4.005765761508752,3.9982986065739627,3.9908348011925163,3.983375241401512,3.9759156816105063,3.9683205897278775,3.9606887203638643,3.9606887203638648,3.9606887203638643,3.9590441287978986,3.955627974804712
"Land use, land use change and forestry (LULUCF)",Peatland,Domestic extraction,1.7986827726742096,1.7935310325365792,1.7883792923989492,1.7832275522613183,1.778075812123688,1.7729240719860573,1.7677723318484269,1.762620591710796,1.7574688515731658,1.7523171114355347,1.7471653712979047,1.7420136311602743,1.7368618910226437,1.7365961276639832,1.7366423025931514,1.736688477522319,1.7365815403348164,1.7364746031473135,1.7363676659598106,1.736260728772308,1.7361537915848055,1.7360468543973027,1.7359399172098,1.735773711023881,1.7355371250591827,1.7355371250591827,1.7354739297615707,1.7354739297615707,1.735150868622321,1.7339158699174433,1.733338887038478,1.7328995624070183,1.7323848074159305,1.730610773476895,1.7282211602047828
"Land use, land use change and forestry (LULUCF)",Peatland,Eroding modified bog drained,0.20875299730751287,0.20796459688707325,0.20727092280341314,0.2067327485408011,0.20603466996813988,0.20542260320289873,0.20488318674259492,0.20432175599275218,0.20380733872150658,0.20335561204910266,0.20172537028287738,0.20021161089480213,0.1987154468573884,0.19727996689068047,0.19592847754994466,0.19459812671221935,0.19326611332209426,0.1919591602494241,0.19066575313648412,0.18938808864841264,0.18809347495431544,0.18680495558841614,0.18555651063618542,0.18486868515426197,0.18449801695794668,0.1798061734845866,0.17774113716214318,0.17732515761659623,0.1759518654563291,0.16957482862690607,0.16499726844905363,0.15732240222415217,0.15075815131680942,0.1357945200305235,0.11821360054211234
"Land use, land use change and forestry (LULUCF)",Peatland,Eroding modified bog undrained,0.608176066797183,0.6060274382309506,0.6041198604665313,0.6025855756407232,0.6006404484376539,0.5989497316538724,0.5974724486433394,0.5959358605962596,0.5944983919305847,0.5932266293987822,0.5920964274505812,0.5912961788662785,0.5905474460883812,0.5899767878084703,0.5896313038083874,0.5893437991792532,0.5890581492200556,0.5888482041098614,0.5886716424493367,0.5885418232188607,0.5883689147840706,0.5882185618059318,0.588171076733929,0.588171076733929,0.588171076733929,0.588171076733929,0.588171076733929,0.588171076733929,0.588171076733929,0.5881686149662829,0.5881686149662829,0.5881686149662829,0.588115008291417,0.588026415456733,0.5875553428960409
"Land use, land use change and forestry (LULUCF)",Peatland,Extensive grassland drained,0.6589403386844157,0.6572405808519187,0.6556491725865341,0.6543886451311425,0.6528385769065722,0.6515481331200156,0.6503781897093641,0.649237386112925,0.648116600500728,0.646979378818168,0.6425061996154935,0.639469142375071,0.6345274700701281,0.6277565844474007,0.619980314582572,0.6117843007523333,0.6052339832726984,0.6006470024985484,0.5952840382384947,0.59048604883293,0.5856360551167656,0.5786321948459179,0.5719351404084039,0.5695671560251357,0.5675587245343264,0.5629396111640147,0.5589154976751531,0.5565841376992511,0.5533908695754032,0.5500291858784079,0.5471323802598662,0.545583897596776,0.5461028074124626,0.5446630912144134,0.5445953833686623
"Land use, land use change and forestry (LULUCF)",Peatland,Forest drained,1.7515880060266942,1.7080091510308408,1.6556595223529362,1.5964453307567013,1.5465826185433134,1.4928021597515926,1.4376526277283705,1.3805775659557946,1.3195098472477351,1.258167619581906,1.1927787026400163,1.1180599422997388,1.0368378870887753,0.9571034561479398,0.8682607894378119,0.7802740653834096,0.6931948166142315,0.609226946550692,0.5257042027996472,0.4419056133066997,0.36252359255814237,0.2853090914460735,0.19429307649484373,0.1187921907223552,0.04826057292997128,-0.01992795953382399,-0.07656465424267311,-0.12858678322153977,-0.1761711808599899,-0.21788944441445005,-0.2578819677302558,-0.29483134274280287,-0.3277289619040282,-0.3556671531909564,-0.38008933116348353
"Land use, land use change and forestry (LULUCF)",Peatland,Industrial extraction,0.5492982730907834,0.5537623539468192,0.5433616447352249,0.5322898782618533,0.6460581004130966,0.7281346702221493,0.6299025268465593,0.5631286060794535,0.4387371770472914,0.5702646088765332,0.5619166706936384,0.6033671649584004,0.4071722274639454,0.6493393314967197,0.4841794107097654,0.5459754565231918,0.5669576735703259,0.40381056024942563,0.37161086566557466,0.40122493774839024,0.4284886764978726,0.38314396538990675,0.3281416937794035,0.48035234739962657,0.37863963599525935,0.355584285989264,0.3387138929899417,0.32387817220597814,0.2711970118319474,0.2922215443528001,0.2961147785849326,0.23815250527884105,0.17898764569429967,0.17899034072085393,0.17857998615770238
"Land use, land use change and forestry (LULUCF)",Peatland,Intensive grassland drained,3.2210599914721443,3.206628048677411,3.1929668804563813,3.184200681887436,3.168051154194316,3.15725466606399,3.14090297897037,3.1291223124620005,3.1206447391768686,3.1093693577711723,3.092717229176684,3.080642254575927,3.070738687224034,3.059382743522903,3.0512185930125346,3.043863238410724,3.0376836563287455,3.0307316768530503,3.024567177370906,3.018965089286507,3.013399159276891,3.008075151874741,3.003743229655761,2.999671767618347,2.99578285008985,2.991484616169987,2.9874913721261094,2.983608877427349,2.9778748802518575,2.9738255648452374,2.969993502174676,2.9697610077283247,2.969749823890558,2.9675274747567824,2.966722689847724
"Land use, land use change and forestry (LULUCF)",Peatland,Modified bog drained,0.4858042168702248,0.4842055248157729,0.4827735798506055,0.48162144883747854,0.4801722946655482,0.4789152671876594,0.477809885799909,0.47666937021946176,0.47559751704283876,0.4746551625312066,0.4694990932037464,0.4645848422305055,0.45970276902330426,0.45493900694420797,0.45035106973805217,0.44579529365411746,0.44123494866592405,0.4367322895453004,0.4322656406565929,0.4278380152998494,0.42338017888280655,0.41894946455116094,0.4145947793352801,0.4111479708696807,0.40841462218717844,0.4029472709672211,0.3984957567389596,0.39562619797048487,0.3917237970570096,0.3839384043045208,0.37709182455432233,0.37179854597469914,0.3639308770877907,0.35284910421714183,0.34100422604081954
"Land use, land use change and forestry (LULUCF)",Peatland,Modified bog undrained,0.6516398564512494,0.6494444156024518,0.6474670309752645,0.645854156645321,0.6438479626127911,0.6421141156894037,0.6405865865744378,0.6390118836725268,0.6375200811268404,0.636201713492449,0.6350324420338967,0.634202172554118,0.6334190125085347,0.6327996409487243,0.6324259593433021,0.6320961680877176,0.6317627147898314,0.631511829457549,0.6313092675009749,0.6311613413616984,0.630973034384517,0.6308237834205922,0.6307766463910751,0.6307766463910751,0.6307766463910751,0.6307766463910751,0.6307766463910751,0.6307766463910751,0.6307766463910751,0.630774202666989,0.630774202666989,0.630774202666989,0.630393686306951,0.628945495552586,0.6271498633807433
"Land use, land use change and forestry (LULUCF)",Peatland,Near-natural bog,-1.8071998870204007,-1.8071998870204007,-1.8071998870204007,-1.8071998870204007,-1.8071998870204007,-1.8071998870204007,-1.8071998870204007,-1.8071998870204007,-1.8071998870204007,-1.8071998870204007,-1.8071998870204007,-1.8071998870204007,-1.8071998870204007,-1.8071998870204007,-1.8071998870204007,-1.8071998870204007,-1.8071998870204007,-1.8071998870204007,-1.8071998870204007,-1.8071998870204007,-1.8071998870204007,-1.8071998870204007,-1.8071998870204007,-1.8071998870204007,-1.8071998870204007,-1.8071998870204007,-1.8071998870204007,-1.8071998870204007,-1.8071998870204007,-1.8071998870204007,-1.8071998870204007,-1.8071998870204007,-1.8071998870204007,-1.8071998870204007,-1.8071998870204007
"Land use, land use change and forestry (LULUCF)",Peatland,Near-natural fen,-0.01432359960671641,-0.01432359960671641,-0.01432359960671641,-0.01432359960671641,-0.01432359960671641,-0.01432359960671641,-0.01432359960671641,-0.01432359960671641,-0.01432359960671641,-0.01432359960671641,-0.01432359960671641,-0.01432359960671641,-0.01432359960671641,-0.01432359960671641,-0.01432359960671641,-0.01432359960671641,-0.01432359960671641,-0.01432359960671641,-0.01432359960671641,-0.01432359960671641,-0.01432359960671641,-0.01432359960671641,-0.01432359960671641,-0.01432359960671641,-0.01432359960671641,-0.01432359960671641,-0.01432359960671641,-0.01432359960671641,-0.01432359960671641,-0.01432359960671641,-0.01432359960671641,-0.01432359960671641,-0.01432359960671641,-0.01432359960671641,-0.01432359960671641
"Land use, land use change and forestry (LULUCF)",Peatland,Rewetted bog,0.0010257528991433145,0.0011419047154504894,0.0012580565317576644,0.0013742083480648398,0.0014903601643720147,0.0016065119806791897,0.0017226637969863649,0.00183881561329354,0.0019549674296007154,0.00207111924590789,0.0024173751023622548,0.0027636309588166177,0.0031098868152709823,0.0033494348774314045,0.0035819499375888027,0.003814464997746199,0.004046980057903597,0.004279495118060994,0.004512010178218392,0.004744525238375788,0.004977040298533187,0.005209555358690584,0.005442070418847982,0.00556607576693142,0.0056865153860072,0.006277821520781423,0.006532047289724556,0.0066662097237516985,0.007224232044973011,0.007687122223404053,0.008058804699212458,0.008570260935522777,0.008885161266193159,0.009663036172118335,0.010329142235341048
"Land use, land use change and forestry (LULUCF)",Peatland,Rewetted fen,3.3520609801911086e-05,6.381643651848893e-05,9.411226323506678e-05,0.00012440808995164436,0.00015470391666822216,0.00018499974338480004,0.0002152955701013777,0.0002455913968179553,0.0002758872235345334,0.00030618305025111123,0.0004925807037191824,0.0006789783571872536,0.0008653760106553249,0.0010224263030201516,0.0011794765953849788,0.0013365268877498053,0.0015408703312991497,0.0017452137748484935,0.0019495572183978382,0.002153900661947182,0.002358244105496526,0.0025208045088420125,0.0026833649121875006,0.0028310225700703445,0.002976837680227245,0.0031570180320218493,0.0033426336206452793,0.003494402856475067,0.004096055158479039,0.0042482913584544185,0.004594618132547302,0.0046267872319850694,0.004657976069448283,0.004729998553143877,0.004807869658612007
"Land use, land use change and forestry (LULUCF)",Peatland,Rewetted modified bog,-1.1806937772860249e-17,-1.1806937772860249e-17,-1.1806937772860249e-17,-1.1806937772860249e-17,-1.1806937772860249e-17,-1.1806937772860249e-17,-1.1806937772860249e-17,-1.1806937772860249e-17,-1.1806937772860249e-17,-1.1806937772860249e-17,-0.008609085578555591,-0.01721817115711117,-0.025827256735666732,-0.03443634231422232,-0.0430454278927779,-0.05165451347133347,-0.060263599049889045,-0.06887268462844465,-0.07748177020700021,-0.0860908557855558,-0.09469994136411138,-0.10330902694266691,-0.11191811252122251,-0.11878771685239287,-0.12423537201957718,-0.13513198550869276,-0.14400400196331595,-0.1497231283787241,-0.15750074366681685,-0.17301366502688167,-0.18665912701732268,-0.1972088079234673,-0.214377969347557,-0.24212984300881754,-0.27276185178687223
"Land use, land use change and forestry (LULUCF)",Peatland,Settlement drained,0.01157285094227644,0.01151411356473948,0.011530809560292838,0.011463419615119382,0.01140112552149468,0.011318588768717688,0.011299416117456844,0.01127517194158329,0.01125895170779888,0.011230033468855177,0.011174268843981497,0.011080365708271228,0.011067047878177536,0.011123445261334713,0.011243195678968757,0.011372628573626486,0.011367541326320452,0.011386344318112905,0.011442102912508073,0.011498698841586002,0.01158910198195027,0.011669981398068912,0.01174835493345672,0.01185304663795547,0.011928673633681382,0.012007023691936364,0.012203105378269389,0.01238791934324296,0.012592897187625778,0.012776050349691878,0.012950944492435895,0.01315268467842476,0.013343811361025035,0.013554280002047172,0.013798379514064957
"Land use, land use change and forestry (LULUCF)",Settlement,Settlement remaining settlement,1.4162310560772287,1.4572186205793252,1.493580267762561,1.4876699027105647,1.5025523882323795,1.5117881760086938,1.5259885607809611,1.5452635654613334,1.5782563615414644,1.596919670742503,1.6511063775908172,1.6548313279479896,1.6660454700973724,1.6612894784516798,1.6970639887056642,1.7669941686625394,1.8181759051969473,1.8463290230232103,1.8790149714334852,1.8752762046152514,1.8712978742312887,1.8633315751529083,1.8482957140067557,1.8149435494309922,1.7903278578502224,1.773802894784763,1.7339336836956758,1.721606432555651,1.6715897739810146,1.6286130900797893,1.5878887279568656,1.5480439073684655,1.5050707193385104,1.4776501393241137,1.4543812893836616
"Land use, land use change and forestry (LULUCF)",Settlement,Land converted to settlement,3.3998189904882383,3.2754887018885337,3.1685968042409858,3.08737442923637,2.9973814562246424,2.930702948763612,2.7853045317388263,2.74772115476217,2.5909205886850093,2.43569121768284,2.2733298671177726,2.1127154861126805,2.0263593315477784,1.9869361329184183,1.8986471543490684,1.781828456237496,1.6573934453493326,1.5772619472520928,1.4965085381653769,1.4198928441246907,1.361206828990271,1.287232534571749,1.2490136064965047,1.210461588770138,1.1768890361778148,1.129327418926531,1.1580778981901627,1.1470503458609644,1.2101578438130536,1.2402088648473573,1.305977010925321,1.3143489671218398,1.3662106708845982,1.4222170981120474,1.4631016428510841
"Land use, land use change and forestry (LULUCF)",Bioenergy crops,Miscanthus,0.0,0.0,0.0,0.0,0.0,0.0,0.0,0.0,0.0,0.0,0.0,0.0,0.0,0.0,0.0,0.0,0.0,0.0,-0.13935974364193227,-0.038735353613180104,0.002858883489558149,0.0037888939856495964,0.003813511106726667,0.0020482517469191403,-0.0045575840980667665,-0.003739528877576084,-0.008496263689453354,-0.011546331903935447,-0.0019782844010397017,-0.02494175390680988,-0.008832676243662976,0.0017561856322734128,-0.009932891543222543,-0.020413461369112387,0.018601757895645752
"Land use, land use change and forestry (LULUCF)",Bioenergy crops,Short rotation coppice,0.0,0.0,0.0,0.0,0.0,0.0,0.0,0.0,0.0,0.0,0.0,0.0,0.0,0.0,0.0,0.0,0.0,-0.0030065659714142716,-0.06427227858149959,0.0187060726509529,0.007816253854927015,-0.003998735144684964,-0.002084140321889705,-0.0037759496335211694,-0.00487503819918746,-0.00282546696209454,-0.003880652871894128,-0.003985147194351455,-0.0018511970054412707,0.0036294259074883847,6.754405083743073e-05,-0.018531915433705783,-0.00021492054928158979,-0.007739475034773714,-0.016773350960614032
"Land use, land use change and forestry (LULUCF)",Other LULUCF,Forest miscellaneous,0.03768773685887112,0.06478656232602244,0.01660278170616948,0.02960155630930037,0.023904029660366408,0.1905299317743404,0.09997068231546838,0.13325077391141002,0.07537727220290796,0.012050862585021374,0.042970118917327375,0.0591906969761409,0.050256024548588595,0.043415967391650795,0.056359990589030094,0.10581230045226772,0.10487183067644738,0.09407827726331226,0.08762537438923451,0.005519608436853311,0.07178452315615862,0.13516496153486848,0.15200579881584986,0.22412406885670558,0.00039730868628179373,0.0036450291190678564,0.02809627155352813,0.022721881284237102,0.22372460903727628,0.3032876785600224,0.13333035666085752,0.01615536658209261,0.047110114037640406,0.22463970385764273,0.06196141097862706
"Land use, land use change and forestry (LULUCF)",Other LULUCF,Cropland miscellaneous,-0.5920219729274395,-0.6456794921181559,-0.737329109200697,-0.6301083001418041,-0.652899857650315,-0.4479700554262649,-0.5414589176518453,-0.5449471527011385,-0.5243538141757779,-0.4875153029538756,-0.4822042668545935,-0.49070193105452287,-0.4370514881537921,-0.4554881853079547,-0.46912319891786686,-0.5173205977933271,-0.43822724759030635,-0.583802976718667,-0.5176313673216685,-0.38883466082309864,-0.39437051974982484,-0.42965465172714146,-0.38683678128026205,-0.4428481307225576,-0.4470145655724287,-0.5093397238980669,-0.41898041084136695,-0.39362719684686903,-0.3753473894994863,-0.3283876425393138,-0.27651833799412595,-0.2328127188919628,-0.2471197565634201,-0.2751275152993668,-0.30638830663116734
"Land use, land use change and forestry (LULUCF)",Other LULUCF,Grassland miscellaneous,-0.3260836434869646,-0.2403405934167988,-0.2418443446670318,-0.2627549839458343,-0.28832700448894905,-0.17792749003858704,-0.26534508432478443,-0.2744382512354346,-0.2666897612827086,0.3623363188133476,0.49213815771835223,0.5230330637972155,0.5191481320948119,0.4738751183264846,0.455686441336569,0.4538837291685959,0.607225224810918,0.5378291845022259,0.5834473197057601,0.5273926296967653,0.573020588229766,0.40657473275564693,0.45519361189731466,0.45603175527640827,0.4813071802905362,0.33611348672925245,0.5645650764994873,0.4908224965752851,0.4874068214923775,0.34800954811645735,0.43632794270170416,0.4363279427017081,0.43632794270170416,0.43632794270169545,0.4363279428226595
"Land use, land use change and forestry (LULUCF)",Other LULUCF,Wetland miscellaneous,0.0,0.030726666666666697,0.0,0.0,0.0,0.011000000000000012,0.0,0.0,0.0,0.0,0.0,0.0,0.0,0.0,0.0,0.0,0.0,0.0,0.0051700000000000045,0.0,0.0,0.0,0.026253333333333358,0.0,0.0,0.0,0.0,0.0,0.0,0.0,0.0,0.0,0.0,0.0,0.0
LULUCF total,LULUCF total,Total,2.7745814269948457,2.3011292723068126,1.527181271102432,0.9894240541864279,0.5410755663622215,0.5689154518853791,-0.3846707395762532,-0.9187731198818321,-1.6593193899851177,-1.494009508008861,-1.7409039343118886,-2.3430761661895794,-3.125784145382322,-3.299205145752461,-4.074884832923813,-4.452764665265387,-4.873601532520741,-5.474969401426931,-6.100024500207656,-6.161605396088554,-6.261869299744904,-6.918439678448425,-6.788556811949697,-6.92423901851543,-7.22439928260346,-7.419455005905933,-7.129819487978758,-7.421230594446847,-6.863233756102277,-7.014531716737071,-7.12606259664522,-7.277662639184343,-6.994285203655387,-6.729045595886668,-6.761775864049293
Grand total,Grand total,Total,597.7543249184258,605.1265093597145,588.6435969568901,573.7369273577617,566.267022965805,557.8111942997455,577.8491363117133,553.794717134314,558.2811727343283,550.3522732274075,558.6303636830735,567.7242005362436,548.5528392231143,560.9509589543669,562.2197631288685,559.273066533013,558.4908258242899,548.5558271661574,532.6867418846442,482.2360257456518,500.88088878169765,459.37496510034214,478.20695054524646,470.63789319307386,430.13072416916503,411.5928448495565,387.1850788644073,375.3929016460686,368.81610248472134,353.08887775708644,317.3813086834731,333.54392422155314,317.2558905328355,298.7456562487745,290.55187866375263
Memo items,International bunkers,International aviation bunkers,15.375057558550191,15.116652087896231,16.75573738407024,17.962426946550565,18.728075834275568,19.92263059026566,21.0929398930733,22.470296112934466,25.065900235181008,27.22231150064151,30.022678495135114,29.260073429970923,28.681985862634562,29.3054161934378,32.29996031500232,34.71770889187828,35.39067831019906,35.231635277142665,34.451358720827194,33.42893313277137,33.04066633134054,33.267860502222376,32.31259585045192,33.07519428875129,32.66633931115609,33.15263345552707,33.77524717302447,36.71804617882624,36.31600482666586,35.74311434684222,15.07154893898335,13.621827440726072,28.15224259075338,32.9814865376886,35.886060293347946
Memo items,International bunkers,International shipping bunkers,6.426972114241229,6.198608594913538,6.351503850775764,6.253084396659304,5.693536345492383,6.273444691983594,6.79078349668792,7.833580846715331,7.908745066546997,5.882300710523114,5.136108506010242,5.397248992205155,4.65523971149123,4.490538622797072,5.3160201124181885,5.438496226808072,6.225412633108896,6.440893705047962,9.74792407059659,9.136849968119371,7.73427515464988,8.386390489107596,7.117198371954004,7.12139765848327,6.688451181944734,6.373582055099048,6.729349927837185,6.1837323962597885,6.218746472497129,5.901077340815147,4.8992170193711155,4.997052860228399,5.199334490064298,5.036998230623845,4.956388985637802
