year,inflation_rate
1997,1.0157483504586533
1998,1.0109981862832087
1999,1.0109127598277459
2000,1.0210798695605074
2001,1.0234938654475114
2002,1.0225811770535467
2003,1.020831878449895
2004,1.021495956363857
2005,1.0219147552856396
2006,1.0218287738741751
2007,1.0212388551554263
2008,1.032809241840822
2009,1.002983972580892
2010,1.0160759801458774
2011,1.0270809423602851
2012,1.0249985357890483
2013,1.0134918177175485
2014,1.0044136365917509
2015,1.0018274285659263
2016,1.0023266674257665
2017,1.0153309288339363
2018,1.0175750993390236
2019,1.0119126754928442
2020,1.0024838789436623
2021,1.02590465748457
2022,1.0834649016073328
2023,1.0544775418626233
2024,1.0236625629794638
2025,1.0211652940028995
