year,euro2dollar
1999,1.0668346106248665
2000,0.9240205978962583
2001,0.8956356353388917
2002,0.9449055632411166
2003,1.1308771550913
2004,1.2433377024123249
2005,1.2447779287439666
2006,1.2556653507492417
2007,1.3706395810053833
2008,1.470594336636225
2009,1.3932679345473415
2010,1.3267994282891082
2011,1.3917103069886416
2012,1.2856022599648
2013,1.32813739491185
2014,1.3288431678587085
2015,1.1096252266453417
2016,1.1065976691605584
2017,1.1292825294502833
2018,1.18149004082175
2019,1.119598059398325
2020,1.1412818593544165
2021,1.1835265952224083
2022,1.053877074380625
2023,1.0815804937547
2024,1.0820545773731085
2025,1.1293424947455943
2026,1.1628584972002634
